Date,Start (ET),Visitor/Neutral,PTS,Home/Neutral,PTS,,,Attend.,Notes
Tue Oct 28 2014,8:00p,Orlando Magic,84,New Orleans Pelicans,101,Box Score,,17097,
Tue Oct 28 2014,8:00p,Dallas Mavericks,100,San Antonio Spurs,101,Box Score,,19615,
Tue Oct 28 2014,10:30p,Houston Rockets,108,Los Angeles Lakers,90,Box Score,,18997,
Wed Oct 29 2014,7:00p,Milwaukee Bucks,106,Charlotte Hornets,108,Box Score,OT,19439,
Wed Oct 29 2014,7:00p,Philadelphia 76ers,91,Indiana Pacers,103,Box Score,,18165,
Wed Oct 29 2014,7:30p,Atlanta Hawks,102,Toronto Raptors,109,Box Score,,19800,
Wed Oct 29 2014,7:30p,Washington Wizards,95,Miami Heat,107,Box Score,,19744,
Wed Oct 29 2014,7:30p,Brooklyn Nets,105,Boston Celtics,121,Box Score,,18624,
Wed Oct 29 2014,8:00p,Chicago Bulls,104,New York Knicks,80,Box Score,,19812,
Wed Oct 29 2014,8:00p,Minnesota Timberwolves,101,Memphis Grizzlies,105,Box Score,,17731,
Wed Oct 29 2014,9:00p,Detroit Pistons,79,Denver Nuggets,89,Box Score,,17136,
Wed Oct 29 2014,9:00p,Houston Rockets,104,Utah Jazz,93,Box Score,,19911,
Wed Oct 29 2014,10:00p,Los Angeles Lakers,99,Phoenix Suns,119,Box Score,,17523,
Wed Oct 29 2014,10:00p,Golden State Warriors,95,Sacramento Kings,77,Box Score,,17317,
Wed Oct 29 2014,10:30p,Oklahoma City Thunder,89,Portland Trail Blazers,106,Box Score,,19441,
Thu Oct 30 2014,7:00p,Washington Wizards,105,Orlando Magic,98,Box Score,,18846,
Thu Oct 30 2014,8:00p,New York Knicks,95,Cleveland Cavaliers,90,Box Score,,20562,
Thu Oct 30 2014,8:00p,Detroit Pistons,91,Minnesota Timberwolves,97,Box Score,,18296,
Thu Oct 30 2014,8:30p,Utah Jazz,102,Dallas Mavericks,120,Box Score,,19697,
Thu Oct 30 2014,10:30p,Oklahoma City Thunder,90,Los Angeles Clippers,93,Box Score,,19060,
Fri Oct 31 2014,7:00p,Memphis Grizzlies,97,Indiana Pacers,89,Box Score,,14441,
Fri Oct 31 2014,8:00p,Cleveland Cavaliers,114,Chicago Bulls,108,Box Score,OT,22879,
Fri Oct 31 2014,8:30p,Philadelphia 76ers,81,Milwaukee Bucks,93,Box Score,,18717,
Fri Oct 31 2014,10:00p,San Antonio Spurs,89,Phoenix Suns,94,Box Score,,15050,
Fri Oct 31 2014,10:00p,Portland Trail Blazers,94,Sacramento Kings,103,Box Score,,14648,
Fri Oct 31 2014,10:30p,Los Angeles Clippers,118,Los Angeles Lakers,111,Box Score,,18997,
Sat Nov 1 2014,7:00p,Memphis Grizzlies,71,Charlotte Hornets,69,Box Score,,18133,
Sat Nov 1 2014,7:00p,Dallas Mavericks,109,New Orleans Pelicans,104,Box Score,,14547,
Sat Nov 1 2014,7:00p,Toronto Raptors,108,Orlando Magic,95,Box Score,,16141,
Sat Nov 1 2014,7:00p,Miami Heat,114,Philadelphia 76ers,96,Box Score,,19753,
Sat Nov 1 2014,7:00p,Milwaukee Bucks,97,Washington Wizards,108,Box Score,,17992,
Sat Nov 1 2014,7:30p,Indiana Pacers,92,Atlanta Hawks,102,Box Score,,19118,
Sat Nov 1 2014,7:30p,Brooklyn Nets,102,Detroit Pistons,90,Box Score,,19904,
Sat Nov 1 2014,8:00p,Boston Celtics,90,Houston Rockets,104,Box Score,,18309,
Sat Nov 1 2014,8:00p,Chicago Bulls,106,Minnesota Timberwolves,105,Box Score,,19356,
Sat Nov 1 2014,8:00p,Denver Nuggets,91,Oklahoma City Thunder,102,Box Score,,18203,
Sat Nov 1 2014,9:00p,Phoenix Suns,91,Utah Jazz,118,Box Score,,17721,
Sat Nov 1 2014,10:30p,Los Angeles Lakers,104,Golden State Warriors,127,Box Score,,19596,
Sun Nov 2 2014,3:30p,Sacramento Kings,98,Los Angeles Clippers,92,Box Score,,19060,
Sun Nov 2 2014,6:00p,Toronto Raptors,102,Miami Heat,107,Box Score,,19666,
Sun Nov 2 2014,7:30p,Charlotte Hornets,93,New York Knicks,96,Box Score,,19812,
Sun Nov 2 2014,9:00p,Golden State Warriors,95,Portland Trail Blazers,90,Box Score,,19441,
Mon Nov 3 2014,7:00p,Houston Rockets,104,Philadelphia 76ers,93,Box Score,,12896,
Mon Nov 3 2014,7:30p,Oklahoma City Thunder,85,Brooklyn Nets,116,Box Score,,17732,
Mon Nov 3 2014,8:00p,New Orleans Pelicans,81,Memphis Grizzlies,93,Box Score,,15302,
Mon Nov 3 2014,8:30p,Boston Celtics,113,Dallas Mavericks,118,Box Score,,19948,
Mon Nov 3 2014,9:00p,Sacramento Kings,110,Denver Nuggets,105,Box Score,,12516,
Mon Nov 3 2014,10:30p,Utah Jazz,101,Los Angeles Clippers,107,Box Score,,19060,
Tue Nov 4 2014,7:00p,Milwaukee Bucks,87,Indiana Pacers,81,Box Score,,15012,
Tue Nov 4 2014,7:30p,Houston Rockets,108,Miami Heat,91,Box Score,,19666,
Tue Nov 4 2014,7:30p,Washington Wizards,98,New York Knicks,83,Box Score,,19812,
Tue Nov 4 2014,7:30p,Oklahoma City Thunder,88,Toronto Raptors,100,Box Score,,18877,
Tue Nov 4 2014,8:00p,Orlando Magic,90,Chicago Bulls,98,Box Score,,21809,
Tue Nov 4 2014,8:00p,Charlotte Hornets,91,New Orleans Pelicans,100,Box Score,,14840,
Tue Nov 4 2014,10:00p,Cleveland Cavaliers,82,Portland Trail Blazers,101,Box Score,,19441,
Tue Nov 4 2014,10:30p,Phoenix Suns,112,Los Angeles Lakers,106,Box Score,,18997,
Wed Nov 5 2014,7:00p,Miami Heat,89,Charlotte Hornets,96,Box Score,,15874,
Wed Nov 5 2014,7:00p,Orlando Magic,91,Philadelphia 76ers,89,Box Score,,12111,
Wed Nov 5 2014,7:30p,Toronto Raptors,110,Boston Celtics,107,Box Score,,16249,
Wed Nov 5 2014,7:30p,Minnesota Timberwolves,98,Brooklyn Nets,91,Box Score,,16302,
Wed Nov 5 2014,7:30p,New York Knicks,95,Detroit Pistons,98,Box Score,,11915,
Wed Nov 5 2014,8:00p,Chicago Bulls,95,Milwaukee Bucks,86,Box Score,,13098,
Wed Nov 5 2014,8:00p,Indiana Pacers,94,Washington Wizards,96,Box Score,OT,15268,
Wed Nov 5 2014,8:30p,Atlanta Hawks,92,San Antonio Spurs,94,Box Score,,18581,
Wed Nov 5 2014,9:00p,Memphis Grizzlies,102,Phoenix Suns,91,Box Score,,15377,
Wed Nov 5 2014,9:00p,Cleveland Cavaliers,100,Utah Jazz,102,Box Score,,19911,
Wed Nov 5 2014,10:00p,Denver Nuggets,109,Sacramento Kings,131,Box Score,,14539,
Wed Nov 5 2014,10:30p,Los Angeles Clippers,104,Golden State Warriors,121,Box Score,,19596,
Thu Nov 6 2014,8:00p,San Antonio Spurs,81,Houston Rockets,98,Box Score,,18311,
Thu Nov 6 2014,10:30p,Dallas Mavericks,87,Portland Trail Blazers,108,Box Score,,19441,
Fri Nov 7 2014,7:00p,Atlanta Hawks,119,Charlotte Hornets,122,Box Score,2OT,15891,
Fri Nov 7 2014,7:00p,Minnesota Timberwolves,103,Orlando Magic,112,Box Score,OT,16379,
Fri Nov 7 2014,7:00p,Chicago Bulls,118,Philadelphia 76ers,115,Box Score,,16820,
Fri Nov 7 2014,7:30p,Indiana Pacers,98,Boston Celtics,101,Box Score,,17122,
Fri Nov 7 2014,7:30p,New York Knicks,99,Brooklyn Nets,110,Box Score,,17732,
Fri Nov 7 2014,7:30p,Milwaukee Bucks,95,Detroit Pistons,98,Box Score,,16102,
Fri Nov 7 2014,7:30p,Washington Wizards,84,Toronto Raptors,103,Box Score,,19800,
Fri Nov 7 2014,8:00p,Memphis Grizzlies,91,Oklahoma City Thunder,89,Box Score,,18203,
Fri Nov 7 2014,9:00p,Sacramento Kings,114,Phoenix Suns,112,Box Score,2OT,15476,
Fri Nov 7 2014,9:00p,Dallas Mavericks,105,Utah Jazz,82,Box Score,,18419,
Fri Nov 7 2014,10:30p,Cleveland Cavaliers,110,Denver Nuggets,101,Box Score,,19623,
Sat Nov 8 2014,3:30p,Portland Trail Blazers,102,Los Angeles Clippers,106,Box Score,,19060,
Sat Nov 8 2014,7:00p,Washington Wizards,97,Indiana Pacers,90,Box Score,,17302,
Sat Nov 8 2014,7:30p,New York Knicks,96,Atlanta Hawks,103,Box Score,,17521,
Sat Nov 8 2014,7:30p,Minnesota Timberwolves,92,Miami Heat,102,Box Score,,19735,
Sat Nov 8 2014,8:00p,Boston Celtics,106,Chicago Bulls,101,Box Score,,22104,
Sat Nov 8 2014,8:00p,Golden State Warriors,98,Houston Rockets,87,Box Score,,18312,
Sat Nov 8 2014,8:30p,Memphis Grizzlies,92,Milwaukee Bucks,93,Box Score,,13841,
Sat Nov 8 2014,8:30p,New Orleans Pelicans,100,San Antonio Spurs,99,Box Score,,18581,
Sun Nov 9 2014,3:30p,Orlando Magic,96,Brooklyn Nets,104,Box Score,,16127,
Sun Nov 9 2014,6:00p,Utah Jazz,97,Detroit Pistons,96,Box Score,,12888,
Sun Nov 9 2014,7:00p,Sacramento Kings,93,Oklahoma City Thunder,101,Box Score,,18203,
Sun Nov 9 2014,7:00p,Philadelphia 76ers,88,Toronto Raptors,120,Box Score,,18470,
Sun Nov 9 2014,7:30p,Miami Heat,105,Dallas Mavericks,96,Box Score,,20195,
Sun Nov 9 2014,8:00p,Golden State Warriors,95,Phoenix Suns,107,Box Score,,16046,
Sun Nov 9 2014,9:00p,Denver Nuggets,100,Portland Trail Blazers,116,Box Score,,16046,
Sun Nov 9 2014,9:30p,Charlotte Hornets,92,Los Angeles Lakers,107,Box Score,,18997,
Mon Nov 10 2014,7:00p,New Orleans Pelicans,111,Cleveland Cavaliers,118,Box Score,,20562,
Mon Nov 10 2014,7:00p,Utah Jazz,86,Indiana Pacers,97,Box Score,,12513,
Mon Nov 10 2014,7:30p,Atlanta Hawks,91,New York Knicks,85,Box Score,,19812,
Mon Nov 10 2014,8:00p,Detroit Pistons,91,Chicago Bulls,102,Box Score,,21431,
Mon Nov 10 2014,10:30p,San Antonio Spurs,89,Los Angeles Clippers,85,Box Score,,19313,
Tue Nov 11 2014,7:30p,Orlando Magic,100,Toronto Raptors,104,Box Score,,19800,
Tue Nov 11 2014,8:00p,Los Angeles Lakers,102,Memphis Grizzlies,107,Box Score,,17618,
Tue Nov 11 2014,8:00p,Oklahoma City Thunder,78,Milwaukee Bucks,85,Box Score,,12390,
Tue Nov 11 2014,8:30p,Sacramento Kings,98,Dallas Mavericks,106,Box Score,,19663,
Tue Nov 11 2014,10:00p,Charlotte Hornets,100,Portland Trail Blazers,102,Box Score,,18495,
Tue Nov 11 2014,10:30p,San Antonio Spurs,113,Golden State Warriors,100,Box Score,,19596,
Wed Nov 12 2014,7:00p,Detroit Pistons,103,Washington Wizards,107,Box Score,,14708,
Wed Nov 12 2014,7:30p,Utah Jazz,97,Atlanta Hawks,100,Box Score,,12595,
Wed Nov 12 2014,7:30p,Oklahoma City Thunder,109,Boston Celtics,94,Box Score,,17043,
Wed Nov 12 2014,7:30p,Indiana Pacers,81,Miami Heat,75,Box Score,,19658,
Wed Nov 12 2014,7:30p,Orlando Magic,97,New York Knicks,95,Box Score,,19812,
Wed Nov 12 2014,8:00p,Los Angeles Lakers,102,New Orleans Pelicans,109,Box Score,,17359,
Wed Nov 12 2014,9:00p,Portland Trail Blazers,130,Denver Nuggets,113,Box Score,,12611,
Wed Nov 12 2014,9:00p,Brooklyn Nets,104,Phoenix Suns,112,Box Score,,15184,
Wed Nov 12 2014,10:00p,Houston Rockets,113,Minnesota Timberwolves,101,Box Score,,18996,at Mexico City Mexico
Thu Nov 13 2014,8:00p,Sacramento Kings,110,Memphis Grizzlies,111,Box Score,,15666,
Thu Nov 13 2014,8:00p,Chicago Bulls,100,Toronto Raptors,93,Box Score,,19800,
Thu Nov 13 2014,8:30p,Philadelphia 76ers,70,Dallas Mavericks,123,Box Score,,19604,
Thu Nov 13 2014,10:30p,Brooklyn Nets,99,Golden State Warriors,107,Box Score,,19596,
Fri Nov 14 2014,7:00p,Denver Nuggets,108,Indiana Pacers,87,Box Score,,16286,
Fri Nov 14 2014,7:00p,Milwaukee Bucks,85,Orlando Magic,101,Box Score,,15947,
Fri Nov 14 2014,7:30p,Miami Heat,103,Atlanta Hawks,114,Box Score,,17090,
Fri Nov 14 2014,7:30p,Cleveland Cavaliers,122,Boston Celtics,121,Box Score,,18624,
Fri Nov 14 2014,7:30p,Utah Jazz,102,New York Knicks,100,Box Score,,19812,
Fri Nov 14 2014,8:00p,Philadelphia 76ers,87,Houston Rockets,88,Box Score,,18138,
Fri Nov 14 2014,8:00p,Minnesota Timberwolves,91,New Orleans Pelicans,139,Box Score,,14775,
Fri Nov 14 2014,8:00p,Detroit Pistons,96,Oklahoma City Thunder,89,Box Score,OT,18203,
Fri Nov 14 2014,9:00p,Charlotte Hornets,103,Phoenix Suns,95,Box Score,,16291,
Fri Nov 14 2014,10:00p,San Antonio Spurs,93,Los Angeles Lakers,80,Box Score,,18997,
Sat Nov 15 2014,7:00p,Orlando Magic,93,Washington Wizards,98,Box Score,,19110,
Sat Nov 15 2014,7:30p,Atlanta Hawks,94,Cleveland Cavaliers,127,Box Score,,20562,
Sat Nov 15 2014,7:30p,Utah Jazz,93,Toronto Raptors,111,Box Score,,19800,
Sat Nov 15 2014,8:00p,Indiana Pacers,99,Chicago Bulls,90,Box Score,,22248,
Sat Nov 15 2014,8:00p,Detroit Pistons,88,Memphis Grizzlies,95,Box Score,,17215,
Sat Nov 15 2014,8:30p,Minnesota Timberwolves,117,Dallas Mavericks,131,Box Score,,19730,
Sat Nov 15 2014,10:00p,Brooklyn Nets,87,Portland Trail Blazers,97,Box Score,,19441,
Sat Nov 15 2014,10:00p,San Antonio Spurs,91,Sacramento Kings,94,Box Score,,17317,
Sat Nov 15 2014,10:30p,Charlotte Hornets,87,Golden State Warriors,112,Box Score,,19596,
Sat Nov 15 2014,10:30p,Phoenix Suns,107,Los Angeles Clippers,120,Box Score,,19060,
Sun Nov 16 2014,1:00p,Denver Nuggets,93,New York Knicks,109,Box Score,,19812,
Sun Nov 16 2014,6:00p,Milwaukee Bucks,91,Miami Heat,84,Box Score,,19680,
Sun Nov 16 2014,7:00p,Houston Rockets,69,Oklahoma City Thunder,65,Box Score,,18203,
Sun Nov 16 2014,9:30p,Golden State Warriors,136,Los Angeles Lakers,115,Box Score,,18997,
Mon Nov 17 2014,7:00p,Dallas Mavericks,107,Charlotte Hornets,80,Box Score,,15345,
Mon Nov 17 2014,7:00p,Denver Nuggets,106,Cleveland Cavaliers,97,Box Score,,20562,
Mon Nov 17 2014,7:30p,Phoenix Suns,118,Boston Celtics,114,Box Score,,16726,
Mon Nov 17 2014,7:30p,Miami Heat,95,Brooklyn Nets,83,Box Score,,17732,
Mon Nov 17 2014,7:30p,Orlando Magic,107,Detroit Pistons,93,Box Score,,11619,
Mon Nov 17 2014,8:00p,Houston Rockets,93,Memphis Grizzlies,119,Box Score,,17012,
Mon Nov 17 2014,8:30p,Philadelphia 76ers,75,San Antonio Spurs,100,Box Score,,18581,
Mon Nov 17 2014,10:00p,New Orleans Pelicans,93,Portland Trail Blazers,102,Box Score,,19441,
Mon Nov 17 2014,10:30p,Chicago Bulls,105,Los Angeles Clippers,89,Box Score,,19319,
Tue Nov 18 2014,7:30p,Los Angeles Lakers,114,Atlanta Hawks,109,Box Score,,17848,
Tue Nov 18 2014,8:00p,New York Knicks,113,Milwaukee Bucks,117,Box Score,,12190,
Tue Nov 18 2014,9:00p,Oklahoma City Thunder,81,Utah Jazz,98,Box Score,,17190,
Tue Nov 18 2014,10:00p,New Orleans Pelicans,106,Sacramento Kings,100,Box Score,,16526,
Wed Nov 19 2014,7:00p,San Antonio Spurs,92,Cleveland Cavaliers,90,Box Score,,20562,
Wed Nov 19 2014,7:00p,Charlotte Hornets,86,Indiana Pacers,88,Box Score,,14748,
Wed Nov 19 2014,7:00p,Los Angeles Clippers,114,Orlando Magic,90,Box Score,,16034,
Wed Nov 19 2014,7:00p,Boston Celtics,101,Philadelphia 76ers,90,Box Score,,12701,
Wed Nov 19 2014,7:00p,Dallas Mavericks,105,Washington Wizards,102,Box Score,,16374,
Wed Nov 19 2014,7:30p,Milwaukee Bucks,122,Brooklyn Nets,118,Box Score,3OT,15694,
Wed Nov 19 2014,7:30p,Phoenix Suns,88,Detroit Pistons,86,Box Score,,10686,
Wed Nov 19 2014,7:30p,Memphis Grizzlies,92,Toronto Raptors,96,Box Score,,19800,
Wed Nov 19 2014,8:00p,New York Knicks,99,Minnesota Timberwolves,115,Box Score,,15304,
Wed Nov 19 2014,9:00p,Oklahoma City Thunder,100,Denver Nuggets,107,Box Score,,14140,
Wed Nov 19 2014,9:30p,Los Angeles Lakers,98,Houston Rockets,92,Box Score,,18245,
Thu Nov 20 2014,8:00p,Los Angeles Clippers,110,Miami Heat,93,Box Score,,19685,
Thu Nov 20 2014,10:30p,Chicago Bulls,88,Sacramento Kings,103,Box Score,,17317,
Fri Nov 21 2014,7:00p,Orlando Magic,105,Charlotte Hornets,100,Box Score,,18126,
Fri Nov 21 2014,7:00p,Phoenix Suns,122,Philadelphia 76ers,96,Box Score,,16789,
Fri Nov 21 2014,7:30p,Detroit Pistons,89,Atlanta Hawks,99,Box Score,,16517,
Fri Nov 21 2014,7:30p,Milwaukee Bucks,82,Toronto Raptors,124,Box Score,,19800,
Fri Nov 21 2014,8:00p,Boston Celtics,100,Memphis Grizzlies,117,Box Score,,17712,
Fri Nov 21 2014,8:00p,San Antonio Spurs,121,Minnesota Timberwolves,92,Box Score,,12414,
Fri Nov 21 2014,8:00p,Brooklyn Nets,94,Oklahoma City Thunder,92,Box Score,,18203,
Fri Nov 21 2014,8:00p,Cleveland Cavaliers,78,Washington Wizards,91,Box Score,,20356,
Fri Nov 21 2014,8:30p,Los Angeles Lakers,106,Dallas Mavericks,140,Box Score,,20353,
Fri Nov 21 2014,9:00p,New Orleans Pelicans,97,Denver Nuggets,117,Box Score,,15232,
Fri Nov 21 2014,10:30p,Utah Jazz,88,Golden State Warriors,101,Box Score,,19596,
Fri Nov 21 2014,10:30p,Chicago Bulls,87,Portland Trail Blazers,105,Box Score,,19866,
Sat Nov 22 2014,7:00p,Phoenix Suns,106,Indiana Pacers,83,Box Score,,16870,
Sat Nov 22 2014,7:00p,Miami Heat,99,Orlando Magic,92,Box Score,,18846,
Sat Nov 22 2014,7:30p,Toronto Raptors,110,Cleveland Cavaliers,93,Box Score,,20562,
Sat Nov 22 2014,7:30p,Philadelphia 76ers,83,New York Knicks,91,Box Score,,19812,
Sat Nov 22 2014,8:00p,Dallas Mavericks,92,Houston Rockets,95,Box Score,,18244,
Sat Nov 22 2014,8:00p,Sacramento Kings,113,Minnesota Timberwolves,101,Box Score,,13191,
Sat Nov 22 2014,8:30p,Washington Wizards,111,Milwaukee Bucks,100,Box Score,,14254,
Sat Nov 22 2014,8:30p,Brooklyn Nets,87,San Antonio Spurs,99,Box Score,,18581,
Sat Nov 22 2014,9:00p,New Orleans Pelicans,106,Utah Jazz,94,Box Score,,18452,
Sun Nov 23 2014,6:00p,Portland Trail Blazers,94,Boston Celtics,88,Box Score,,16692,
Sun Nov 23 2014,6:00p,Los Angeles Clippers,91,Memphis Grizzlies,107,Box Score,,18119,
Sun Nov 23 2014,6:00p,Charlotte Hornets,93,Miami Heat,94,Box Score,,19639,
Sun Nov 23 2014,7:00p,Golden State Warriors,91,Oklahoma City Thunder,86,Box Score,,18203,
Sun Nov 23 2014,9:30p,Denver Nuggets,101,Los Angeles Lakers,94,Box Score,OT,18997,
Mon Nov 24 2014,7:00p,Los Angeles Clippers,113,Charlotte Hornets,92,Box Score,,17180,
Mon Nov 24 2014,7:00p,Orlando Magic,74,Cleveland Cavaliers,106,Box Score,,20562,
Mon Nov 24 2014,7:00p,Portland Trail Blazers,114,Philadelphia 76ers,104,Box Score,,11094,
Mon Nov 24 2014,7:30p,Phoenix Suns,100,Toronto Raptors,104,Box Score,,19800,
Mon Nov 24 2014,8:00p,New York Knicks,86,Houston Rockets,91,Box Score,,18133,
Mon Nov 24 2014,8:30p,Indiana Pacers,111,Dallas Mavericks,100,Box Score,,19850,
Mon Nov 24 2014,9:00p,Chicago Bulls,97,Utah Jazz,95,Box Score,,18904,
Tue Nov 25 2014,7:00p,Atlanta Hawks,106,Washington Wizards,102,Box Score,,15440,
Tue Nov 25 2014,7:30p,Golden State Warriors,114,Miami Heat,97,Box Score,,19647,
Tue Nov 25 2014,8:00p,Detroit Pistons,86,Milwaukee Bucks,98,Box Score,,15265,
Tue Nov 25 2014,8:00p,Sacramento Kings,99,New Orleans Pelicans,89,Box Score,,17037,
Tue Nov 25 2014,9:00p,Chicago Bulls,109,Denver Nuggets,114,Box Score,,17033,
Wed Nov 26 2014,7:00p,Portland Trail Blazers,105,Charlotte Hornets,97,Box Score,,16972,
Wed Nov 26 2014,7:00p,Washington Wizards,87,Cleveland Cavaliers,113,Box Score,,20562,
Wed Nov 26 2014,7:00p,Golden State Warriors,111,Orlando Magic,96,Box Score,,17702,
Wed Nov 26 2014,7:00p,Brooklyn Nets,99,Philadelphia 76ers,91,Box Score,,11223,
Wed Nov 26 2014,7:30p,Toronto Raptors,126,Atlanta Hawks,115,Box Score,,16253,
Wed Nov 26 2014,7:30p,New York Knicks,102,Dallas Mavericks,109,Box Score,OT,20352,
Wed Nov 26 2014,7:30p,Los Angeles Clippers,104,Detroit Pistons,98,Box Score,,13461,
Wed Nov 26 2014,8:00p,Sacramento Kings,89,Houston Rockets,102,Box Score,,18058,
Wed Nov 26 2014,8:00p,Milwaukee Bucks,103,Minnesota Timberwolves,86,Box Score,,14710,
Wed Nov 26 2014,8:00p,Utah Jazz,82,Oklahoma City Thunder,97,Box Score,,18203,
Wed Nov 26 2014,8:30p,Indiana Pacers,100,San Antonio Spurs,106,Box Score,,18581,
Wed Nov 26 2014,9:00p,Denver Nuggets,112,Phoenix Suns,120,Box Score,,16099,
Wed Nov 26 2014,10:30p,Memphis Grizzlies,99,Los Angeles Lakers,93,Box Score,,18997,
Fri Nov 28 2014,1:00p,Chicago Bulls,109,Boston Celtics,102,Box Score,,18203,
Fri Nov 28 2014,7:00p,Golden State Warriors,106,Charlotte Hornets,101,Box Score,,19381,
Fri Nov 28 2014,7:30p,New Orleans Pelicans,91,Atlanta Hawks,100,Box Score,,17079,
Fri Nov 28 2014,7:30p,Milwaukee Bucks,104,Detroit Pistons,88,Box Score,,13127,
Fri Nov 28 2014,7:30p,Dallas Mavericks,106,Toronto Raptors,102,Box Score,,19800,
Fri Nov 28 2014,8:00p,Los Angeles Clippers,102,Houston Rockets,85,Box Score,,18226,
Fri Nov 28 2014,8:00p,Orlando Magic,83,Indiana Pacers,98,Box Score,,18165,
Fri Nov 28 2014,8:00p,New York Knicks,78,Oklahoma City Thunder,105,Box Score,,18203,
Fri Nov 28 2014,8:30p,Sacramento Kings,104,San Antonio Spurs,112,Box Score,,18581,
Fri Nov 28 2014,9:00p,Phoenix Suns,97,Denver Nuggets,122,Box Score,,15509,
Fri Nov 28 2014,10:00p,Memphis Grizzlies,112,Portland Trail Blazers,99,Box Score,,19459,
Fri Nov 28 2014,10:30p,Minnesota Timberwolves,120,Los Angeles Lakers,119,Box Score,,18997,
Sat Nov 29 2014,7:00p,Dallas Mavericks,110,Philadelphia 76ers,103,Box Score,,16145,
Sat Nov 29 2014,7:00p,New Orleans Pelicans,80,Washington Wizards,83,Box Score,,17581,
Sat Nov 29 2014,7:30p,Charlotte Hornets,75,Atlanta Hawks,105,Box Score,,14185,
Sat Nov 29 2014,7:30p,Indiana Pacers,97,Cleveland Cavaliers,109,Box Score,,20562,
Sat Nov 29 2014,9:00p,Houston Rockets,117,Milwaukee Bucks,103,Box Score,,16119,
Sat Nov 29 2014,9:00p,Los Angeles Clippers,112,Utah Jazz,96,Box Score,,18479,
Sun Nov 30 2014,1:00p,San Antonio Spurs,111,Boston Celtics,89,Box Score,,17121,
Sun Nov 30 2014,3:00p,Chicago Bulls,102,Brooklyn Nets,84,Box Score,,17732,
Sun Nov 30 2014,3:30p,Golden State Warriors,104,Detroit Pistons,93,Box Score,,12737,
Sun Nov 30 2014,6:00p,Memphis Grizzlies,97,Sacramento Kings,85,Box Score,,16240,
Sun Nov 30 2014,7:30p,Miami Heat,86,New York Knicks,79,Box Score,,19812,
Sun Nov 30 2014,8:00p,Orlando Magic,93,Phoenix Suns,90,Box Score,,15558,
Sun Nov 30 2014,9:00p,Minnesota Timberwolves,93,Portland Trail Blazers,107,Box Score,,18843,
Sun Nov 30 2014,9:30p,Toronto Raptors,122,Los Angeles Lakers,129,Box Score,OT,18997,
Mon Dec 1 2014,7:00p,San Antonio Spurs,109,Philadelphia 76ers,103,Box Score,,12843,
Mon Dec 1 2014,7:00p,Miami Heat,86,Washington Wizards,107,Box Score,,15150,
Mon Dec 1 2014,9:00p,Denver Nuggets,103,Utah Jazz,101,Box Score,,16768,
Mon Dec 1 2014,10:30p,Minnesota Timberwolves,101,Los Angeles Clippers,127,Box Score,,19060,
Tue Dec 2 2014,7:00p,Milwaukee Bucks,108,Cleveland Cavaliers,111,Box Score,,20562,
Tue Dec 2 2014,7:30p,Boston Celtics,105,Atlanta Hawks,109,Box Score,,12705,
Tue Dec 2 2014,7:30p,Los Angeles Lakers,106,Detroit Pistons,96,Box Score,,14083,
Tue Dec 2 2014,7:30p,Brooklyn Nets,98,New York Knicks,93,Box Score,,19812,
Tue Dec 2 2014,8:00p,Dallas Mavericks,132,Chicago Bulls,129,Box Score,2OT,22042,
Tue Dec 2 2014,8:00p,Oklahoma City Thunder,104,New Orleans Pelicans,112,Box Score,,13903,
Tue Dec 2 2014,9:00p,Portland Trail Blazers,105,Denver Nuggets,103,Box Score,,12822,
Tue Dec 2 2014,9:00p,Indiana Pacers,99,Phoenix Suns,116,Box Score,,15059,
Tue Dec 2 2014,10:00p,Toronto Raptors,117,Sacramento Kings,109,Box Score,,15522,
Tue Dec 2 2014,10:30p,Orlando Magic,97,Golden State Warriors,98,Box Score,,19596,
Wed Dec 3 2014,7:00p,Chicago Bulls,102,Charlotte Hornets,95,Box Score,,16887,
Wed Dec 3 2014,7:00p,Los Angeles Lakers,95,Washington Wizards,111,Box Score,,18490,
Wed Dec 3 2014,7:30p,Detroit Pistons,102,Boston Celtics,109,Box Score,OT,15870,
Wed Dec 3 2014,7:30p,San Antonio Spurs,93,Brooklyn Nets,95,Box Score,OT,15989,
Wed Dec 3 2014,7:30p,Atlanta Hawks,112,Miami Heat,102,Box Score,,19600,
Wed Dec 3 2014,8:00p,Memphis Grizzlies,96,Houston Rockets,105,Box Score,,18151,
Wed Dec 3 2014,8:00p,Dallas Mavericks,107,Milwaukee Bucks,105,Box Score,,13568,
Wed Dec 3 2014,8:00p,Philadelphia 76ers,85,Minnesota Timberwolves,77,Box Score,,10463,
Wed Dec 3 2014,9:00p,Toronto Raptors,123,Utah Jazz,104,Box Score,,16677,
Wed Dec 3 2014,10:30p,Orlando Magic,86,Los Angeles Clippers,114,Box Score,,19060,
Thu Dec 4 2014,8:00p,Cleveland Cavaliers,90,New York Knicks,87,Box Score,,19812,
Thu Dec 4 2014,10:00p,Indiana Pacers,82,Portland Trail Blazers,88,Box Score,,19191,
Thu Dec 4 2014,10:30p,New Orleans Pelicans,85,Golden State Warriors,112,Box Score,,19596,
Fri Dec 5 2014,7:00p,New York Knicks,102,Charlotte Hornets,103,Box Score,,19102,
Fri Dec 5 2014,7:00p,Oklahoma City Thunder,103,Philadelphia 76ers,91,Box Score,,15092,
Fri Dec 5 2014,7:00p,Denver Nuggets,89,Washington Wizards,119,Box Score,,19451,
Fri Dec 5 2014,7:30p,Los Angeles Lakers,96,Boston Celtics,113,Box Score,,18624,
Fri Dec 5 2014,7:30p,Atlanta Hawks,98,Brooklyn Nets,75,Box Score,,16146,
Fri Dec 5 2014,7:30p,Cleveland Cavaliers,105,Toronto Raptors,91,Box Score,,20077,
Fri Dec 5 2014,8:00p,San Antonio Spurs,107,Memphis Grizzlies,101,Box Score,,18119,
Fri Dec 5 2014,8:00p,Houston Rockets,114,Minnesota Timberwolves,112,Box Score,OT,12101,
Fri Dec 5 2014,8:30p,Phoenix Suns,118,Dallas Mavericks,106,Box Score,,20010,
Fri Dec 5 2014,8:30p,Miami Heat,85,Milwaukee Bucks,109,Box Score,,16325,
Fri Dec 5 2014,9:00p,Orlando Magic,98,Utah Jazz,93,Box Score,,18997,
Fri Dec 5 2014,10:00p,Indiana Pacers,101,Sacramento Kings,102,Box Score,OT,15512,
Sat Dec 6 2014,7:30p,Philadelphia 76ers,108,Detroit Pistons,101,Box Score,OT,16514,
Sat Dec 6 2014,8:00p,Golden State Warriors,112,Chicago Bulls,102,Box Score,,22353,
Sat Dec 6 2014,8:00p,Phoenix Suns,95,Houston Rockets,100,Box Score,,18060,
Sat Dec 6 2014,8:30p,Minnesota Timberwolves,101,San Antonio Spurs,123,Box Score,,18581,
Sat Dec 6 2014,10:00p,Orlando Magic,105,Sacramento Kings,96,Box Score,,16021,
Sat Dec 6 2014,10:30p,New Orleans Pelicans,100,Los Angeles Clippers,120,Box Score,,19060,
Sun Dec 7 2014,1:00p,Washington Wizards,93,Boston Celtics,101,Box Score,,16716,
Sun Dec 7 2014,3:30p,Denver Nuggets,84,Atlanta Hawks,96,Box Score,,12143,
Sun Dec 7 2014,6:00p,Oklahoma City Thunder,96,Detroit Pistons,94,Box Score,,13090,
Sun Dec 7 2014,6:00p,Miami Heat,87,Memphis Grizzlies,103,Box Score,,16572,
Sun Dec 7 2014,7:30p,Milwaukee Bucks,102,Dallas Mavericks,125,Box Score,,19413,
Sun Dec 7 2014,7:30p,Portland Trail Blazers,103,New York Knicks,99,Box Score,,19812,
Sun Dec 7 2014,9:30p,New Orleans Pelicans,104,Los Angeles Lakers,87,Box Score,,18997,
Mon Dec 8 2014,7:00p,Atlanta Hawks,108,Indiana Pacers,92,Box Score,,14519,
Mon Dec 8 2014,7:00p,Boston Celtics,132,Washington Wizards,133,Box Score,2OT,14828,
Mon Dec 8 2014,7:30p,Cleveland Cavaliers,110,Brooklyn Nets,88,Box Score,,17732,
Mon Dec 8 2014,7:30p,Denver Nuggets,107,Toronto Raptors,112,Box Score,OT,19800,
Mon Dec 8 2014,8:00p,Golden State Warriors,102,Minnesota Timberwolves,86,Box Score,,10296,
Mon Dec 8 2014,10:00p,Utah Jazz,92,Sacramento Kings,101,Box Score,,16511,
Mon Dec 8 2014,10:30p,Phoenix Suns,120,Los Angeles Clippers,121,Box Score,OT,19060,
Tue Dec 9 2014,7:00p,Toronto Raptors,101,Cleveland Cavaliers,105,Box Score,,20562,
Tue Dec 9 2014,7:30p,Portland Trail Blazers,98,Detroit Pistons,86,Box Score,,12813,
Tue Dec 9 2014,8:00p,Dallas Mavericks,105,Memphis Grizzlies,114,Box Score,,16512,
Tue Dec 9 2014,8:00p,New York Knicks,93,New Orleans Pelicans,104,Box Score,,13789,
Tue Dec 9 2014,8:00p,Milwaukee Bucks,101,Oklahoma City Thunder,114,Box Score,,18203,
Tue Dec 9 2014,9:00p,Miami Heat,103,Phoenix Suns,97,Box Score,,14963,
Tue Dec 9 2014,9:00p,San Antonio Spurs,96,Utah Jazz,100,Box Score,,18382,
Tue Dec 9 2014,10:30p,Sacramento Kings,95,Los Angeles Lakers,98,Box Score,,18267,
Wed Dec 10 2014,7:00p,Boston Celtics,87,Charlotte Hornets,96,Box Score,,15276,
Wed Dec 10 2014,7:00p,Los Angeles Clippers,103,Indiana Pacers,96,Box Score,,16392,
Wed Dec 10 2014,7:00p,Washington Wizards,91,Orlando Magic,89,Box Score,,16081,
Wed Dec 10 2014,7:30p,Philadelphia 76ers,79,Atlanta Hawks,95,Box Score,,11733,
Wed Dec 10 2014,8:00p,Brooklyn Nets,80,Chicago Bulls,105,Box Score,,11733,
Wed Dec 10 2014,8:00p,New Orleans Pelicans,107,Dallas Mavericks,112,Box Score,,19988,
Wed Dec 10 2014,8:00p,Portland Trail Blazers,82,Minnesota Timberwolves,90,Box Score,,10337,
Wed Dec 10 2014,8:30p,New York Knicks,95,San Antonio Spurs,109,Box Score,,18581,
Wed Dec 10 2014,10:30p,Miami Heat,82,Denver Nuggets,102,Box Score,,13433,
Wed Dec 10 2014,10:30p,Houston Rockets,93,Golden State Warriors,105,Box Score,,19596,
Thu Dec 11 2014,8:00p,Cleveland Cavaliers,94,Oklahoma City Thunder,103,Box Score,,18203,
Thu Dec 11 2014,10:30p,Houston Rockets,113,Sacramento Kings,109,Box Score,OT,16676,
Fri Dec 12 2014,7:00p,Portland Trail Blazers,106,Chicago Bulls,115,Box Score,,21725,
Fri Dec 12 2014,7:00p,Los Angeles Clippers,96,Washington Wizards,104,Box Score,,17437,
Fri Dec 12 2014,7:30p,Orlando Magic,81,Atlanta Hawks,87,Box Score,,13247,
Fri Dec 12 2014,7:30p,New York Knicks,101,Boston Celtics,95,Box Score,,17989,
Fri Dec 12 2014,7:30p,Philadelphia 76ers,70,Brooklyn Nets,88,Box Score,,16326,
Fri Dec 12 2014,7:30p,Indiana Pacers,94,Toronto Raptors,106,Box Score,,19800,
Fri Dec 12 2014,8:00p,Charlotte Hornets,107,Memphis Grizzlies,113,Box Score,2OT,15897,
Fri Dec 12 2014,8:00p,Oklahoma City Thunder,111,Minnesota Timberwolves,92,Box Score,,13557,
Fri Dec 12 2014,8:00p,Cleveland Cavaliers,114,New Orleans Pelicans,119,Box Score,,18069,
Fri Dec 12 2014,9:00p,Detroit Pistons,105,Phoenix Suns,103,Box Score,,17007,
Fri Dec 12 2014,9:00p,Miami Heat,100,Utah Jazz,95,Box Score,,19911,
Fri Dec 12 2014,9:30p,Los Angeles Lakers,112,San Antonio Spurs,110,Box Score,OT,18581,
Sat Dec 13 2014,2:00p,Golden State Warriors,105,Dallas Mavericks,98,Box Score,,20317,
Sat Dec 13 2014,7:00p,Brooklyn Nets,114,Charlotte Hornets,87,Box Score,,17113,
Sat Dec 13 2014,7:00p,Portland Trail Blazers,95,Indiana Pacers,85,Box Score,,17206,
Sat Dec 13 2014,7:00p,Atlanta Hawks,99,Orlando Magic,100,Box Score,,15939,
Sat Dec 13 2014,7:30p,Los Angeles Clippers,106,Milwaukee Bucks,111,Box Score,,16227,
Sat Dec 13 2014,7:30p,Memphis Grizzlies,120,Philadelphia 76ers,115,Box Score,OT,13698,
Sat Dec 13 2014,8:00p,Denver Nuggets,96,Houston Rockets,108,Box Score,,18136,
Sat Dec 13 2014,10:00p,Detroit Pistons,95,Sacramento Kings,90,Box Score,,16242,
Sun Dec 14 2014,6:00p,Chicago Bulls,93,Miami Heat,75,Box Score,,19600,
Sun Dec 14 2014,6:00p,Golden State Warriors,128,New Orleans Pelicans,122,Box Score,OT,15037,
Sun Dec 14 2014,6:00p,Utah Jazz,84,Washington Wizards,93,Box Score,,15220,
Sun Dec 14 2014,7:00p,Los Angeles Lakers,100,Minnesota Timberwolves,94,Box Score,,15008,
Sun Dec 14 2014,7:00p,Phoenix Suns,88,Oklahoma City Thunder,112,Box Score,,18203,
Sun Dec 14 2014,7:30p,Toronto Raptors,95,New York Knicks,90,Box Score,OT,19812,
Sun Dec 14 2014,8:00p,San Antonio Spurs,99,Denver Nuggets,91,Box Score,,16544,
Mon Dec 15 2014,7:00p,Charlotte Hornets,88,Cleveland Cavaliers,97,Box Score,,20562,
Mon Dec 15 2014,7:00p,Los Angeles Lakers,91,Indiana Pacers,110,Box Score,,15261,
Mon Dec 15 2014,7:00p,Boston Celtics,105,Philadelphia 76ers,87,Box Score,,12903,
Mon Dec 15 2014,7:30p,Chicago Bulls,86,Atlanta Hawks,93,Box Score,,16805,
Mon Dec 15 2014,7:30p,Orlando Magic,82,Toronto Raptors,95,Box Score,,19800,
Mon Dec 15 2014,9:00p,Milwaukee Bucks,96,Phoenix Suns,94,Box Score,,17327,
Mon Dec 15 2014,10:00p,San Antonio Spurs,95,Portland Trail Blazers,108,Box Score,,19441,
Mon Dec 15 2014,10:30p,Detroit Pistons,91,Los Angeles Clippers,113,Box Score,,19060,
Tue Dec 16 2014,7:00p,Minnesota Timberwolves,95,Washington Wizards,109,Box Score,,15823,
Tue Dec 16 2014,7:30p,Miami Heat,95,Brooklyn Nets,91,Box Score,,16827,
Tue Dec 16 2014,8:00p,Golden State Warriors,98,Memphis Grizzlies,105,Box Score,,18119,
Tue Dec 16 2014,8:00p,Utah Jazz,111,New Orleans Pelicans,119,Box Score,,13179,
Tue Dec 16 2014,8:00p,Dallas Mavericks,107,New York Knicks,87,Box Score,,19812,
Tue Dec 16 2014,10:30p,Oklahoma City Thunder,104,Sacramento Kings,92,Box Score,,17317,
Wed Dec 17 2014,7:00p,Phoenix Suns,111,Charlotte Hornets,106,Box Score,,15459,
Wed Dec 17 2014,7:00p,Atlanta Hawks,127,Cleveland Cavaliers,98,Box Score,,20562,
Wed Dec 17 2014,7:30p,Orlando Magic,92,Boston Celtics,109,Box Score,,16764,
Wed Dec 17 2014,7:30p,Dallas Mavericks,117,Detroit Pistons,106,Box Score,,12287,
Wed Dec 17 2014,7:30p,Utah Jazz,105,Miami Heat,87,Box Score,,19633,
Wed Dec 17 2014,8:00p,Brooklyn Nets,89,Toronto Raptors,105,Box Score,,19800,
Wed Dec 17 2014,8:30p,Memphis Grizzlies,117,San Antonio Spurs,116,Box Score,3OT,18581,
Wed Dec 17 2014,10:00p,Milwaukee Bucks,97,Portland Trail Blazers,104,Box Score,,19495,
Wed Dec 17 2014,10:30p,Houston Rockets,115,Denver Nuggets,111,Box Score,OT,12107,
Wed Dec 17 2014,10:30p,Indiana Pacers,100,Los Angeles Clippers,102,Box Score,,19060,
Thu Dec 18 2014,8:00p,New York Knicks,97,Chicago Bulls,103,Box Score,,21875,
Thu Dec 18 2014,8:30p,New Orleans Pelicans,99,Houston Rockets,90,Box Score,,18137,
Thu Dec 18 2014,10:00p,Milwaukee Bucks,108,Sacramento Kings,107,Box Score,,15645,
Thu Dec 18 2014,10:30p,Oklahoma City Thunder,109,Golden State Warriors,114,Box Score,,19596,
Fri Dec 19 2014,7:00p,Utah Jazz,101,Orlando Magic,94,Box Score,,16032,
Fri Dec 19 2014,7:00p,Charlotte Hornets,109,Philadelphia 76ers,91,Box Score,,13398,
Fri Dec 19 2014,7:30p,Minnesota Timberwolves,98,Boston Celtics,114,Box Score,,17042,
Fri Dec 19 2014,7:30p,Brooklyn Nets,91,Cleveland Cavaliers,95,Box Score,,20562,
Fri Dec 19 2014,7:30p,Toronto Raptors,110,Detroit Pistons,100,Box Score,,16274,
Fri Dec 19 2014,7:30p,Washington Wizards,105,Miami Heat,103,Box Score,,19600,
Fri Dec 19 2014,8:00p,Chicago Bulls,103,Memphis Grizzlies,97,Box Score,,18119,
Fri Dec 19 2014,8:00p,Portland Trail Blazers,129,San Antonio Spurs,119,Box Score,3OT,18581,
Fri Dec 19 2014,9:00p,Los Angeles Clippers,106,Denver Nuggets,109,Box Score,,15030,
Fri Dec 19 2014,10:30p,Oklahoma City Thunder,104,Los Angeles Lakers,103,Box Score,,18997,
Sat Dec 20 2014,1:00p,Phoenix Suns,99,New York Knicks,90,Box Score,,19812,
Sat Dec 20 2014,7:00p,Utah Jazz,86,Charlotte Hornets,104,Box Score,,17384,
Sat Dec 20 2014,7:00p,Portland Trail Blazers,114,New Orleans Pelicans,88,Box Score,,16079,
Sat Dec 20 2014,8:00p,Atlanta Hawks,104,Houston Rockets,97,Box Score,,16998,
Sat Dec 20 2014,8:30p,San Antonio Spurs,93,Dallas Mavericks,99,Box Score,,20504,
Sat Dec 20 2014,9:00p,Indiana Pacers,73,Denver Nuggets,76,Box Score,,14125,
Sat Dec 20 2014,10:30p,Milwaukee Bucks,102,Los Angeles Clippers,106,Box Score,,19060,
Sun Dec 21 2014,3:30p,New York Knicks,108,Toronto Raptors,118,Box Score,,19800,
Sun Dec 21 2014,4:30p,Memphis Grizzlies,91,Cleveland Cavaliers,105,Box Score,,20562,
Sun Dec 21 2014,6:00p,Detroit Pistons,105,Brooklyn Nets,110,Box Score,,17732,
Sun Dec 21 2014,6:00p,Boston Celtics,84,Miami Heat,100,Box Score,,19720,
Sun Dec 21 2014,6:00p,Philadelphia 76ers,96,Orlando Magic,88,Box Score,,15682,
Sun Dec 21 2014,6:00p,Los Angeles Lakers,101,Sacramento Kings,108,Box Score,,17317,
Sun Dec 21 2014,6:00p,Phoenix Suns,104,Washington Wizards,92,Box Score,,18207,
Sun Dec 21 2014,7:00p,Indiana Pacers,100,Minnesota Timberwolves,96,Box Score,,12687,
Sun Dec 21 2014,7:00p,New Orleans Pelicans,101,Oklahoma City Thunder,99,Box Score,,18203,
Mon Dec 22 2014,7:00p,Denver Nuggets,82,Charlotte Hornets,110,Box Score,,16913,
Mon Dec 22 2014,8:00p,Toronto Raptors,120,Chicago Bulls,129,Box Score,,21846,
Mon Dec 22 2014,8:00p,Portland Trail Blazers,95,Houston Rockets,110,Box Score,,18316,
Mon Dec 22 2014,8:00p,Utah Jazz,97,Memphis Grizzlies,91,Box Score,,16991,
Mon Dec 22 2014,8:30p,Atlanta Hawks,105,Dallas Mavericks,102,Box Score,,20339,
Mon Dec 22 2014,8:30p,Los Angeles Clippers,118,San Antonio Spurs,125,Box Score,,18581,
Mon Dec 22 2014,10:30p,Sacramento Kings,108,Golden State Warriors,128,Box Score,,19596,
Tue Dec 23 2014,7:00p,Minnesota Timberwolves,104,Cleveland Cavaliers,125,Box Score,,20562,
Tue Dec 23 2014,7:00p,New Orleans Pelicans,84,Indiana Pacers,96,Box Score,,17336,
Tue Dec 23 2014,7:00p,Boston Celtics,95,Orlando Magic,100,Box Score,,17489,
Tue Dec 23 2014,7:00p,Chicago Bulls,99,Washington Wizards,91,Box Score,,20356,
Tue Dec 23 2014,7:30p,Los Angeles Clippers,104,Atlanta Hawks,107,Box Score,,19191,
Tue Dec 23 2014,7:30p,Denver Nuggets,96,Brooklyn Nets,102,Box Score,,17080,
Tue Dec 23 2014,7:30p,Philadelphia 76ers,91,Miami Heat,87,Box Score,,19600,
Tue Dec 23 2014,8:00p,Charlotte Hornets,108,Milwaukee Bucks,101,Box Score,,14653,
Tue Dec 23 2014,8:00p,Portland Trail Blazers,115,Oklahoma City Thunder,111,Box Score,OT,18203,
Tue Dec 23 2014,9:00p,Dallas Mavericks,115,Phoenix Suns,124,Box Score,,18055,
Tue Dec 23 2014,10:30p,Golden State Warriors,105,Los Angeles Lakers,115,Box Score,,18997,
Thu Dec 25 2014,12:00p,Washington Wizards,102,New York Knicks,91,Box Score,,19812,
Thu Dec 25 2014,2:30p,Oklahoma City Thunder,114,San Antonio Spurs,106,Box Score,,18581,
Thu Dec 25 2014,5:00p,Cleveland Cavaliers,91,Miami Heat,101,Box Score,,19817,
Thu Dec 25 2014,8:00p,Los Angeles Lakers,93,Chicago Bulls,113,Box Score,,22865,
Thu Dec 25 2014,10:30p,Golden State Warriors,86,Los Angeles Clippers,100,Box Score,,19540,
Fri Dec 26 2014,1:00p,Brooklyn Nets,109,Boston Celtics,107,Box Score,,18624,
Fri Dec 26 2014,7:00p,Cleveland Cavaliers,98,Orlando Magic,89,Box Score,,18846,
Fri Dec 26 2014,7:30p,Milwaukee Bucks,107,Atlanta Hawks,77,Box Score,,19016,
Fri Dec 26 2014,7:30p,Indiana Pacers,109,Detroit Pistons,119,Box Score,,13408,
Fri Dec 26 2014,8:00p,Houston Rockets,117,Memphis Grizzlies,111,Box Score,OT,18119,
Fri Dec 26 2014,8:00p,San Antonio Spurs,90,New Orleans Pelicans,97,Box Score,,18376,
Fri Dec 26 2014,8:00p,Charlotte Hornets,75,Oklahoma City Thunder,98,Box Score,,18203,
Fri Dec 26 2014,8:30p,Los Angeles Lakers,98,Dallas Mavericks,102,Box Score,,20424,
Fri Dec 26 2014,9:00p,Minnesota Timberwolves,102,Denver Nuggets,106,Box Score,,14516,
Fri Dec 26 2014,10:00p,Philadelphia 76ers,93,Portland Trail Blazers,114,Box Score,,19972,
Fri Dec 26 2014,10:00p,Phoenix Suns,115,Sacramento Kings,106,Box Score,,17317,
Sat Dec 27 2014,3:30p,Toronto Raptors,110,Los Angeles Clippers,98,Box Score,,19335,
Sat Dec 27 2014,7:00p,Orlando Magic,102,Charlotte Hornets,94,Box Score,,19085,
Sat Dec 27 2014,7:00p,Boston Celtics,88,Washington Wizards,101,Box Score,,20356,
Sat Dec 27 2014,7:30p,Memphis Grizzlies,103,Miami Heat,95,Box Score,,19744,
Sat Dec 27 2014,8:00p,Indiana Pacers,110,Brooklyn Nets,85,Box Score,,17732,
Sat Dec 27 2014,8:00p,New Orleans Pelicans,100,Chicago Bulls,107,Box Score,,21935,
Sat Dec 27 2014,8:30p,Atlanta Hawks,90,Milwaukee Bucks,85,Box Score,,16788,
Sat Dec 27 2014,9:00p,Philadelphia 76ers,71,Utah Jazz,88,Box Score,,18890,
Sat Dec 27 2014,10:00p,New York Knicks,129,Sacramento Kings,135,Box Score,OT,17317,
Sat Dec 27 2014,10:30p,Minnesota Timberwolves,97,Golden State Warriors,110,Box Score,,19596,
Sun Dec 28 2014,4:30p,Detroit Pistons,103,Cleveland Cavaliers,80,Box Score,,20562,
Sun Dec 28 2014,7:00p,Houston Rockets,106,San Antonio Spurs,110,Box Score,,18581,
Sun Dec 28 2014,7:30p,Oklahoma City Thunder,107,Dallas Mavericks,112,Box Score,,20417,
Sun Dec 28 2014,9:00p,Toronto Raptors,116,Denver Nuggets,102,Box Score,,14216,
Sun Dec 28 2014,9:00p,New York Knicks,79,Portland Trail Blazers,101,Box Score,,19800,
Sun Dec 28 2014,9:30p,Phoenix Suns,116,Los Angeles Lakers,107,Box Score,,18997,
Mon Dec 29 2014,7:00p,Milwaukee Bucks,104,Charlotte Hornets,94,Box Score,OT,17430,
Mon Dec 29 2014,7:00p,Chicago Bulls,92,Indiana Pacers,90,Box Score,,18165,
Mon Dec 29 2014,7:30p,Sacramento Kings,99,Brooklyn Nets,107,Box Score,,17732,
Mon Dec 29 2014,7:30p,Orlando Magic,102,Miami Heat,101,Box Score,,19887,
Mon Dec 29 2014,8:00p,Washington Wizards,104,Houston Rockets,103,Box Score,,18322,
Mon Dec 29 2014,10:30p,Utah Jazz,97,Los Angeles Clippers,101,Box Score,,19060,
Tue Dec 30 2014,7:00p,Detroit Pistons,109,Orlando Magic,86,Box Score,,17414,
Tue Dec 30 2014,7:30p,Cleveland Cavaliers,101,Atlanta Hawks,109,Box Score,,19215,
Tue Dec 30 2014,8:00p,Brooklyn Nets,96,Chicago Bulls,82,Box Score,,22032,
Tue Dec 30 2014,8:00p,San Antonio Spurs,87,Memphis Grizzlies,95,Box Score,,18119,
Tue Dec 30 2014,8:00p,Phoenix Suns,106,New Orleans Pelicans,110,Box Score,,16364,
Tue Dec 30 2014,8:30p,Washington Wizards,87,Dallas Mavericks,114,Box Score,,20397,
Tue Dec 30 2014,9:00p,Los Angeles Lakers,111,Denver Nuggets,103,Box Score,,17248,
Tue Dec 30 2014,9:00p,Minnesota Timberwolves,94,Utah Jazz,100,Box Score,,18947,
Tue Dec 30 2014,10:00p,Toronto Raptors,97,Portland Trail Blazers,102,Box Score,OT,20053,
Tue Dec 30 2014,10:30p,Philadelphia 76ers,86,Golden State Warriors,126,Box Score,,19596,
Wed Dec 31 2014,1:00p,Sacramento Kings,84,Boston Celtics,106,Box Score,,18624,
Wed Dec 31 2014,3:00p,Miami Heat,95,Indiana Pacers,106,Box Score,,18165,
Wed Dec 31 2014,6:00p,New York Knicks,78,Los Angeles Clippers,99,Box Score,,19198,
Wed Dec 31 2014,7:00p,Milwaukee Bucks,96,Cleveland Cavaliers,80,Box Score,,20562,
Wed Dec 31 2014,7:00p,Charlotte Hornets,83,Houston Rockets,102,Box Score,,18276,
Wed Dec 31 2014,7:00p,New Orleans Pelicans,93,San Antonio Spurs,95,Box Score,OT,18581,
Wed Dec 31 2014,8:00p,Phoenix Suns,134,Oklahoma City Thunder,137,Box Score,OT,18203,
Thu Jan 1 2015,8:00p,Denver Nuggets,101,Chicago Bulls,106,Box Score,,21794,
Thu Jan 1 2015,8:00p,Sacramento Kings,110,Minnesota Timberwolves,107,Box Score,,13337,
Fri Jan 2 2015,7:00p,Cleveland Cavaliers,91,Charlotte Hornets,87,Box Score,,19307,
Fri Jan 2 2015,7:00p,Brooklyn Nets,100,Orlando Magic,98,Box Score,,17008,
Fri Jan 2 2015,7:30p,Dallas Mavericks,119,Boston Celtics,101,Box Score,,18624,
Fri Jan 2 2015,7:30p,Detroit Pistons,97,New York Knicks,81,Box Score,,19812,
Fri Jan 2 2015,8:00p,Houston Rockets,83,New Orleans Pelicans,111,Box Score,,17705,
Fri Jan 2 2015,8:00p,Washington Wizards,102,Oklahoma City Thunder,109,Box Score,,18203,
Fri Jan 2 2015,8:30p,Indiana Pacers,94,Milwaukee Bucks,91,Box Score,,16238,
Fri Jan 2 2015,9:00p,Philadelphia 76ers,96,Phoenix Suns,112,Box Score,,16514,
Fri Jan 2 2015,9:00p,Atlanta Hawks,98,Utah Jazz,92,Box Score,,19029,
Fri Jan 2 2015,10:30p,Toronto Raptors,105,Golden State Warriors,126,Box Score,,19596,
Fri Jan 2 2015,10:30p,Memphis Grizzlies,109,Los Angeles Lakers,106,Box Score,,18997,
Sat Jan 3 2015,7:00p,Charlotte Hornets,98,Orlando Magic,90,Box Score,,15274,
Sat Jan 3 2015,8:00p,Boston Celtics,104,Chicago Bulls,109,Box Score,OT,21820,
Sat Jan 3 2015,8:00p,Miami Heat,79,Houston Rockets,115,Box Score,,18338,
Sat Jan 3 2015,8:00p,Utah Jazz,101,Minnesota Timberwolves,89,Box Score,,13702,
Sat Jan 3 2015,8:30p,Washington Wizards,92,San Antonio Spurs,101,Box Score,,18581,
Sat Jan 3 2015,9:00p,Memphis Grizzlies,85,Denver Nuggets,114,Box Score,,16350,
Sat Jan 3 2015,10:00p,Atlanta Hawks,115,Portland Trail Blazers,107,Box Score,,19829,
Sat Jan 3 2015,10:30p,Philadelphia 76ers,91,Los Angeles Clippers,127,Box Score,,19060,
Sun Jan 4 2015,1:00p,Dallas Mavericks,109,Cleveland Cavaliers,90,Box Score,,20562,
Sun Jan 4 2015,6:00p,Sacramento Kings,95,Detroit Pistons,114,Box Score,,12254,
Sun Jan 4 2015,6:00p,Brooklyn Nets,84,Miami Heat,88,Box Score,,20181,
Sun Jan 4 2015,7:30p,Milwaukee Bucks,95,New York Knicks,82,Box Score,,19812,
Sun Jan 4 2015,8:00p,Toronto Raptors,109,Phoenix Suns,125,Box Score,,17166,
Sun Jan 4 2015,9:30p,Indiana Pacers,87,Los Angeles Lakers,88,Box Score,,18997,
Mon Jan 5 2015,7:00p,Cleveland Cavaliers,92,Philadelphia 76ers,95,Box Score,,17771,
Mon Jan 5 2015,7:30p,Charlotte Hornets,104,Boston Celtics,95,Box Score,,16720,
Mon Jan 5 2015,7:30p,Dallas Mavericks,96,Brooklyn Nets,88,Box Score,OT,17732,
Mon Jan 5 2015,8:00p,Houston Rockets,105,Chicago Bulls,114,Box Score,,21510,
Mon Jan 5 2015,8:00p,New York Knicks,83,Memphis Grizzlies,105,Box Score,,16888,
Mon Jan 5 2015,8:00p,Denver Nuggets,110,Minnesota Timberwolves,101,Box Score,,10386,
Mon Jan 5 2015,8:00p,Washington Wizards,92,New Orleans Pelicans,85,Box Score,,16182,
Mon Jan 5 2015,9:00p,Indiana Pacers,105,Utah Jazz,101,Box Score,,17378,
Mon Jan 5 2015,10:00p,Los Angeles Lakers,94,Portland Trail Blazers,98,Box Score,,19827,
Mon Jan 5 2015,10:30p,Oklahoma City Thunder,91,Golden State Warriors,117,Box Score,,19596,
Mon Jan 5 2015,10:30p,Atlanta Hawks,107,Los Angeles Clippers,98,Box Score,,19060,
Tue Jan 6 2015,8:00p,Phoenix Suns,102,Milwaukee Bucks,96,Box Score,,12311,
Tue Jan 6 2015,8:30p,Detroit Pistons,105,San Antonio Spurs,104,Box Score,,18581,
Wed Jan 7 2015,7:00p,New Orleans Pelicans,94,Charlotte Hornets,98,Box Score,,15171,
Wed Jan 7 2015,7:00p,Houston Rockets,105,Cleveland Cavaliers,93,Box Score,,20562,
Wed Jan 7 2015,7:00p,Milwaukee Bucks,97,Philadelphia 76ers,77,Box Score,,10288,
Wed Jan 7 2015,7:00p,New York Knicks,91,Washington Wizards,101,Box Score,,16902,
Wed Jan 7 2015,7:30p,Memphis Grizzlies,86,Atlanta Hawks,96,Box Score,,17126,
Wed Jan 7 2015,7:30p,Boston Celtics,89,Brooklyn Nets,81,Box Score,,16005,
Wed Jan 7 2015,8:00p,Utah Jazz,97,Chicago Bulls,77,Box Score,,21379,
Wed Jan 7 2015,8:30p,Detroit Pistons,108,Dallas Mavericks,95,Box Score,,20279,
Wed Jan 7 2015,9:00p,Orlando Magic,90,Denver Nuggets,93,Box Score,,13513,
Wed Jan 7 2015,9:30p,Phoenix Suns,113,Minnesota Timberwolves,111,Box Score,,10547,
Wed Jan 7 2015,10:00p,Oklahoma City Thunder,83,Sacramento Kings,104,Box Score,,16037,
Wed Jan 7 2015,10:30p,Indiana Pacers,102,Golden State Warriors,117,Box Score,,19596,
Wed Jan 7 2015,10:30p,Los Angeles Lakers,89,Los Angeles Clippers,114,Box Score,,19487,
Thu Jan 8 2015,7:30p,Charlotte Hornets,103,Toronto Raptors,95,Box Score,,19800,
Thu Jan 8 2015,8:00p,Houston Rockets,120,New York Knicks,96,Box Score,,19812,
Thu Jan 8 2015,10:30p,Miami Heat,83,Portland Trail Blazers,99,Box Score,,19441,
Fri Jan 9 2015,7:00p,Boston Celtics,103,Indiana Pacers,107,Box Score,OT,18165,
Fri Jan 9 2015,7:30p,Philadelphia 76ers,90,Brooklyn Nets,88,Box Score,,16172,
Fri Jan 9 2015,7:30p,Atlanta Hawks,106,Detroit Pistons,103,Box Score,,18859,
Fri Jan 9 2015,8:00p,Memphis Grizzlies,95,New Orleans Pelicans,106,Box Score,,17639,
Fri Jan 9 2015,8:00p,Utah Jazz,94,Oklahoma City Thunder,99,Box Score,,18203,
Fri Jan 9 2015,8:00p,Chicago Bulls,86,Washington Wizards,102,Box Score,,20356,
Fri Jan 9 2015,8:30p,Minnesota Timberwolves,84,Milwaukee Bucks,98,Box Score,,15480,
Fri Jan 9 2015,8:30p,Phoenix Suns,95,San Antonio Spurs,100,Box Score,,18581,
Fri Jan 9 2015,10:00p,Denver Nuggets,118,Sacramento Kings,108,Box Score,,16029,
Fri Jan 9 2015,10:30p,Cleveland Cavaliers,94,Golden State Warriors,112,Box Score,,19596,
Fri Jan 9 2015,10:30p,Orlando Magic,84,Los Angeles Lakers,101,Box Score,,18997,
Sat Jan 10 2015,1:00p,Charlotte Hornets,110,New York Knicks,82,Box Score,,19812,
Sat Jan 10 2015,3:30p,Dallas Mavericks,100,Los Angeles Clippers,120,Box Score,,19060,
Sat Jan 10 2015,7:30p,Brooklyn Nets,93,Detroit Pistons,98,Box Score,,19301,
Sat Jan 10 2015,7:30p,Indiana Pacers,92,Philadelphia 76ers,93,Box Score,,17496,
Sat Jan 10 2015,7:30p,Boston Celtics,96,Toronto Raptors,109,Box Score,,19800,
Sat Jan 10 2015,8:00p,Milwaukee Bucks,87,Chicago Bulls,95,Box Score,,21781,
Sat Jan 10 2015,8:00p,Utah Jazz,82,Houston Rockets,97,Box Score,,18235,
Sat Jan 10 2015,8:00p,San Antonio Spurs,108,Minnesota Timberwolves,93,Box Score,,17871,
Sat Jan 10 2015,10:00p,Orlando Magic,92,Portland Trail Blazers,103,Box Score,,19546,
Sun Jan 11 2015,3:00p,Washington Wizards,89,Atlanta Hawks,120,Box Score,,18057,
Sun Jan 11 2015,3:30p,Miami Heat,104,Los Angeles Clippers,90,Box Score,,19060,
Sun Jan 11 2015,6:00p,Phoenix Suns,110,Memphis Grizzlies,122,Box Score,2OT,17212,
Sun Jan 11 2015,9:00p,Cleveland Cavaliers,84,Sacramento Kings,103,Box Score,,16143,
Sun Jan 11 2015,9:30p,Portland Trail Blazers,106,Los Angeles Lakers,94,Box Score,,18997,
Mon Jan 12 2015,7:30p,New Orleans Pelicans,100,Boston Celtics,108,Box Score,,16905,
Mon Jan 12 2015,7:30p,Houston Rockets,113,Brooklyn Nets,99,Box Score,,16115,
Mon Jan 12 2015,7:30p,Detroit Pistons,114,Toronto Raptors,111,Box Score,,19800,
Mon Jan 12 2015,8:00p,Orlando Magic,121,Chicago Bulls,114,Box Score,,21302,
Tue Jan 13 2015,7:00p,Minnesota Timberwolves,110,Indiana Pacers,101,Box Score,,16781,
Tue Jan 13 2015,7:00p,Atlanta Hawks,105,Philadelphia 76ers,87,Box Score,,10466,
Tue Jan 13 2015,7:00p,San Antonio Spurs,93,Washington Wizards,101,Box Score,,18116,
Tue Jan 13 2015,9:00p,Cleveland Cavaliers,100,Phoenix Suns,107,Box Score,,16819,
Tue Jan 13 2015,9:00p,Golden State Warriors,116,Utah Jazz,105,Box Score,,19911,
Tue Jan 13 2015,10:00p,Dallas Mavericks,108,Sacramento Kings,104,Box Score,OT,15747,
Tue Jan 13 2015,10:30p,Miami Heat,78,Los Angeles Lakers,75,Box Score,,18997,
Wed Jan 14 2015,7:00p,San Antonio Spurs,98,Charlotte Hornets,93,Box Score,,17309,
Wed Jan 14 2015,7:00p,Houston Rockets,113,Orlando Magic,120,Box Score,,16828,
Wed Jan 14 2015,7:30p,Memphis Grizzlies,103,Brooklyn Nets,92,Box Score,,16516,
Wed Jan 14 2015,7:30p,New Orleans Pelicans,105,Detroit Pistons,94,Box Score,,12016,
Wed Jan 14 2015,7:30p,Philadelphia 76ers,84,Toronto Raptors,100,Box Score,,19800,
Wed Jan 14 2015,8:00p,Atlanta Hawks,105,Boston Celtics,91,Box Score,,16067,
Wed Jan 14 2015,8:00p,Washington Wizards,105,Chicago Bulls,99,Box Score,,21498,
Wed Jan 14 2015,9:00p,Dallas Mavericks,107,Denver Nuggets,114,Box Score,,14022,
Wed Jan 14 2015,10:30p,Miami Heat,89,Golden State Warriors,104,Box Score,,19596,
Wed Jan 14 2015,10:30p,Los Angeles Clippers,100,Portland Trail Blazers,94,Box Score,,19441,
Thu Jan 15 2015,3:00p,New York Knicks,79,Milwaukee Bucks,95,Box Score,,18689,at London England
Thu Jan 15 2015,8:00p,Oklahoma City Thunder,101,Houston Rockets,112,Box Score,,18315,
Thu Jan 15 2015,10:30p,Cleveland Cavaliers,109,Los Angeles Lakers,102,Box Score,,18997,
Fri Jan 16 2015,7:00p,Detroit Pistons,98,Indiana Pacers,96,Box Score,,17558,
Fri Jan 16 2015,7:00p,Memphis Grizzlies,106,Orlando Magic,96,Box Score,,18141,
Fri Jan 16 2015,7:00p,New Orleans Pelicans,81,Philadelphia 76ers,96,Box Score,,15672,
Fri Jan 16 2015,7:00p,Brooklyn Nets,102,Washington Wizards,80,Box Score,,17788,
Fri Jan 16 2015,7:30p,Chicago Bulls,119,Boston Celtics,103,Box Score,,18624,
Fri Jan 16 2015,7:30p,Atlanta Hawks,110,Toronto Raptors,89,Box Score,,19800,
Fri Jan 16 2015,8:00p,Golden State Warriors,115,Oklahoma City Thunder,127,Box Score,,18203,
Fri Jan 16 2015,8:30p,Denver Nuggets,89,Dallas Mavericks,97,Box Score,,20337,
Fri Jan 16 2015,8:30p,Portland Trail Blazers,96,San Antonio Spurs,110,Box Score,,18581,
Fri Jan 16 2015,9:00p,Minnesota Timberwolves,99,Phoenix Suns,110,Box Score,,17441,
Fri Jan 16 2015,9:00p,Los Angeles Lakers,85,Utah Jazz,94,Box Score,,19911,
Fri Jan 16 2015,10:00p,Miami Heat,95,Sacramento Kings,83,Box Score,,16350,
Fri Jan 16 2015,10:30p,Cleveland Cavaliers,126,Los Angeles Clippers,121,Box Score,,19380,
Sat Jan 17 2015,7:00p,Indiana Pacers,71,Charlotte Hornets,80,Box Score,OT,19285,
Sat Jan 17 2015,7:30p,Philadelphia 76ers,89,Detroit Pistons,107,Box Score,,15496,
Sat Jan 17 2015,8:00p,Washington Wizards,99,Brooklyn Nets,90,Box Score,,17732,
Sat Jan 17 2015,8:00p,Atlanta Hawks,107,Chicago Bulls,99,Box Score,,22024,
Sat Jan 17 2015,8:00p,Golden State Warriors,131,Houston Rockets,106,Box Score,,18458,
Sat Jan 17 2015,9:00p,Minnesota Timberwolves,113,Denver Nuggets,105,Box Score,,14821,
Sat Jan 17 2015,9:00p,Portland Trail Blazers,98,Memphis Grizzlies,102,Box Score,,18119,
Sat Jan 17 2015,10:00p,Los Angeles Clippers,117,Sacramento Kings,108,Box Score,,16601,
Sun Jan 18 2015,3:30p,New Orleans Pelicans,95,Toronto Raptors,93,Box Score,,19800,
Sun Jan 18 2015,6:00p,Oklahoma City Thunder,127,Orlando Magic,99,Box Score,,16128,
Sun Jan 18 2015,7:00p,Utah Jazz,69,San Antonio Spurs,89,Box Score,,18581,
Mon Jan 19 2015,2:00p,Minnesota Timberwolves,80,Charlotte Hornets,105,Box Score,,17989,
Mon Jan 19 2015,2:00p,Philadelphia 76ers,76,Washington Wizards,111,Box Score,,19040,
Mon Jan 19 2015,2:30p,Detroit Pistons,82,Atlanta Hawks,93,Box Score,,19108,
Mon Jan 19 2015,3:30p,Boston Celtics,93,Los Angeles Clippers,102,Box Score,,19060,
Mon Jan 19 2015,4:00p,Denver Nuggets,79,Golden State Warriors,122,Box Score,,19596,
Mon Jan 19 2015,5:00p,Dallas Mavericks,103,Memphis Grizzlies,95,Box Score,,18119,
Mon Jan 19 2015,5:30p,Indiana Pacers,98,Houston Rockets,110,Box Score,,18266,
Mon Jan 19 2015,5:30p,New Orleans Pelicans,92,New York Knicks,99,Box Score,,19812,
Mon Jan 19 2015,7:30p,Chicago Bulls,94,Cleveland Cavaliers,108,Box Score,,20562,
Mon Jan 19 2015,8:00p,Toronto Raptors,92,Milwaukee Bucks,89,Box Score,,12707,
Mon Jan 19 2015,10:00p,Los Angeles Lakers,100,Phoenix Suns,115,Box Score,,17435,
Mon Jan 19 2015,10:00p,Sacramento Kings,94,Portland Trail Blazers,98,Box Score,,19441,
Tue Jan 20 2015,7:30p,Oklahoma City Thunder,94,Miami Heat,86,Box Score,,19735,
Tue Jan 20 2015,9:00p,San Antonio Spurs,109,Denver Nuggets,99,Box Score,,14434,
Wed Jan 21 2015,7:00p,Miami Heat,76,Charlotte Hornets,78,Box Score,,16914,
Wed Jan 21 2015,7:00p,Utah Jazz,92,Cleveland Cavaliers,106,Box Score,,20562,
Wed Jan 21 2015,7:00p,New York Knicks,98,Philadelphia 76ers,91,Box Score,,13201,
Wed Jan 21 2015,7:30p,Indiana Pacers,91,Atlanta Hawks,110,Box Score,,15045,
Wed Jan 21 2015,7:30p,Orlando Magic,118,Detroit Pistons,128,Box Score,,12148,
Wed Jan 21 2015,8:00p,Toronto Raptors,86,Memphis Grizzlies,92,Box Score,,15112,
Wed Jan 21 2015,8:00p,Dallas Mavericks,98,Minnesota Timberwolves,75,Box Score,,13737,
Wed Jan 21 2015,8:00p,Los Angeles Lakers,80,New Orleans Pelicans,96,Box Score,,16268,
Wed Jan 21 2015,8:00p,Oklahoma City Thunder,105,Washington Wizards,103,Box Score,OT,20356,
Wed Jan 21 2015,9:00p,Portland Trail Blazers,113,Phoenix Suns,118,Box Score,,16703,
Wed Jan 21 2015,10:00p,Brooklyn Nets,103,Sacramento Kings,100,Box Score,,16427,
Wed Jan 21 2015,10:30p,Houston Rockets,113,Golden State Warriors,126,Box Score,,19596,
Thu Jan 22 2015,8:00p,San Antonio Spurs,81,Chicago Bulls,104,Box Score,,21648,
Thu Jan 22 2015,8:00p,Utah Jazz,101,Milwaukee Bucks,99,Box Score,,12415,
Thu Jan 22 2015,10:00p,Boston Celtics,90,Portland Trail Blazers,89,Box Score,,19567,
Thu Jan 22 2015,10:30p,Brooklyn Nets,84,Los Angeles Clippers,123,Box Score,,19060,
Fri Jan 23 2015,7:00p,Toronto Raptors,91,Philadelphia 76ers,86,Box Score,,13640,
Fri Jan 23 2015,7:30p,Oklahoma City Thunder,93,Atlanta Hawks,103,Box Score,,19203,
Fri Jan 23 2015,7:30p,Charlotte Hornets,90,Cleveland Cavaliers,129,Box Score,,20562,
Fri Jan 23 2015,7:30p,Indiana Pacers,87,Miami Heat,89,Box Score,,19693,
Fri Jan 23 2015,7:30p,Orlando Magic,106,New York Knicks,113,Box Score,,19812,
Fri Jan 23 2015,8:00p,Chicago Bulls,102,Dallas Mavericks,98,Box Score,,20408,
Fri Jan 23 2015,8:00p,New Orleans Pelicans,92,Minnesota Timberwolves,84,Box Score,,14978,
Fri Jan 23 2015,8:30p,Los Angeles Lakers,85,San Antonio Spurs,99,Box Score,,18581,
Fri Jan 23 2015,9:00p,Boston Celtics,100,Denver Nuggets,99,Box Score,,16133,
Fri Jan 23 2015,9:00p,Houston Rockets,113,Phoenix Suns,111,Box Score,,16701,
Fri Jan 23 2015,10:30p,Sacramento Kings,101,Golden State Warriors,126,Box Score,,19596,
Sat Jan 24 2015,7:00p,New York Knicks,71,Charlotte Hornets,76,Box Score,,19117,
Sat Jan 24 2015,7:30p,Detroit Pistons,86,Milwaukee Bucks,101,Box Score,,16388,
Sat Jan 24 2015,8:00p,Philadelphia 76ers,83,Memphis Grizzlies,101,Box Score,,17579,
Sat Jan 24 2015,9:00p,Brooklyn Nets,73,Utah Jazz,108,Box Score,,19352,
Sat Jan 24 2015,10:00p,Washington Wizards,96,Portland Trail Blazers,103,Box Score,,19775,
Sun Jan 25 2015,1:00p,Miami Heat,96,Chicago Bulls,84,Box Score,,21918,
Sun Jan 25 2015,3:30p,Oklahoma City Thunder,98,Cleveland Cavaliers,108,Box Score,,20562,
Sun Jan 25 2015,6:00p,Minnesota Timberwolves,100,Atlanta Hawks,112,Box Score,,18049,
Sun Jan 25 2015,6:00p,Dallas Mavericks,106,New Orleans Pelicans,109,Box Score,,17687,
Sun Jan 25 2015,6:00p,Indiana Pacers,106,Orlando Magic,99,Box Score,,16704,
Sun Jan 25 2015,6:00p,Los Angeles Clippers,120,Phoenix Suns,100,Box Score,,17066,
Sun Jan 25 2015,7:00p,Milwaukee Bucks,95,San Antonio Spurs,101,Box Score,,18581,
Sun Jan 25 2015,7:00p,Detroit Pistons,110,Toronto Raptors,114,Box Score,,19800,
Sun Jan 25 2015,8:00p,Washington Wizards,117,Denver Nuggets,115,Box Score,OT,15410,
Sun Jan 25 2015,8:00p,Boston Celtics,111,Golden State Warriors,114,Box Score,,19596,
Sun Jan 25 2015,9:30p,Houston Rockets,99,Los Angeles Lakers,87,Box Score,,18997,
Mon Jan 26 2015,8:00p,Orlando Magic,94,Memphis Grizzlies,103,Box Score,,15407,
Mon Jan 26 2015,8:00p,Philadelphia 76ers,74,New Orleans Pelicans,99,Box Score,,16419,
Mon Jan 26 2015,8:00p,Minnesota Timberwolves,84,Oklahoma City Thunder,92,Box Score,,18203,
Mon Jan 26 2015,9:00p,Boston Celtics,99,Utah Jazz,90,Box Score,,18947,
Mon Jan 26 2015,10:30p,Denver Nuggets,98,Los Angeles Clippers,102,Box Score,,19060,
Tue Jan 27 2015,7:00p,Toronto Raptors,104,Indiana Pacers,91,Box Score,,16204,
Tue Jan 27 2015,7:30p,Cleveland Cavaliers,103,Detroit Pistons,95,Box Score,,18178,
Tue Jan 27 2015,7:30p,Milwaukee Bucks,109,Miami Heat,102,Box Score,,19789,
Tue Jan 27 2015,8:30p,Memphis Grizzlies,109,Dallas Mavericks,90,Box Score,,20160,
Tue Jan 27 2015,10:30p,Chicago Bulls,113,Golden State Warriors,111,Box Score,OT,19596,
Tue Jan 27 2015,10:30p,Washington Wizards,98,Los Angeles Lakers,92,Box Score,,18997,
Wed Jan 28 2015,7:00p,Portland Trail Blazers,94,Cleveland Cavaliers,99,Box Score,,20562,
Wed Jan 28 2015,7:00p,Detroit Pistons,69,Philadelphia 76ers,89,Box Score,,11213,
Wed Jan 28 2015,7:30p,Sacramento Kings,102,Toronto Raptors,119,Box Score,,19800,
Wed Jan 28 2015,8:00p,Brooklyn Nets,102,Atlanta Hawks,113,Box Score,,18047,
Wed Jan 28 2015,8:00p,Dallas Mavericks,94,Houston Rockets,99,Box Score,,18237,
Wed Jan 28 2015,8:00p,Boston Celtics,98,Minnesota Timberwolves,110,Box Score,,11434,
Wed Jan 28 2015,8:00p,Denver Nuggets,93,New Orleans Pelicans,85,Box Score,,16055,
Wed Jan 28 2015,8:00p,Oklahoma City Thunder,92,New York Knicks,100,Box Score,,19812,
Wed Jan 28 2015,8:30p,Charlotte Hornets,86,San Antonio Spurs,95,Box Score,,18581,
Wed Jan 28 2015,9:00p,Los Angeles Clippers,94,Utah Jazz,89,Box Score,,16322,
Wed Jan 28 2015,10:30p,Washington Wizards,98,Phoenix Suns,106,Box Score,,16209,
Thu Jan 29 2015,7:00p,New York Knicks,82,Indiana Pacers,103,Box Score,,15665,
Thu Jan 29 2015,7:00p,Milwaukee Bucks,115,Orlando Magic,100,Box Score,,16071,
Thu Jan 29 2015,8:00p,Denver Nuggets,69,Memphis Grizzlies,99,Box Score,,16736,
Thu Jan 29 2015,10:30p,Chicago Bulls,118,Los Angeles Lakers,123,Box Score,2OT,18997,
Fri Jan 30 2015,7:00p,Minnesota Timberwolves,94,Philadelphia 76ers,103,Box Score,,14333,
Fri Jan 30 2015,7:30p,Portland Trail Blazers,99,Atlanta Hawks,105,Box Score,,19018,
Fri Jan 30 2015,7:30p,Houston Rockets,93,Boston Celtics,87,Box Score,,17675,
Fri Jan 30 2015,7:30p,Toronto Raptors,127,Brooklyn Nets,122,Box Score,OT,17062,
Fri Jan 30 2015,7:30p,Sacramento Kings,90,Cleveland Cavaliers,101,Box Score,,20562,
Fri Jan 30 2015,8:00p,Dallas Mavericks,93,Miami Heat,72,Box Score,,19823,
Fri Jan 30 2015,8:00p,Los Angeles Clippers,103,New Orleans Pelicans,108,Box Score,,17932,
Fri Jan 30 2015,9:00p,Golden State Warriors,100,Utah Jazz,110,Box Score,,19295,
Fri Jan 30 2015,10:30p,Chicago Bulls,93,Phoenix Suns,99,Box Score,,18055,
Sat Jan 31 2015,7:00p,Sacramento Kings,99,Indiana Pacers,94,Box Score,,18165,
Sat Jan 31 2015,7:00p,Dallas Mavericks,108,Orlando Magic,93,Box Score,,17626,
Sat Jan 31 2015,7:00p,Toronto Raptors,120,Washington Wizards,116,Box Score,OT,20356,
Sat Jan 31 2015,7:30p,Philadelphia 76ers,85,Atlanta Hawks,91,Box Score,,19006,
Sat Jan 31 2015,7:30p,Houston Rockets,101,Detroit Pistons,114,Box Score,,18213,
Sat Jan 31 2015,8:00p,Oklahoma City Thunder,74,Memphis Grizzlies,85,Box Score,,18119,
Sat Jan 31 2015,8:00p,Cleveland Cavaliers,106,Minnesota Timberwolves,90,Box Score,,19562,
Sat Jan 31 2015,8:30p,Portland Trail Blazers,88,Milwaukee Bucks,95,Box Score,,18717,
Sat Jan 31 2015,9:00p,Charlotte Hornets,104,Denver Nuggets,86,Box Score,,13302,
Sat Jan 31 2015,9:00p,Los Angeles Clippers,105,San Antonio Spurs,85,Box Score,,18581,
Sat Jan 31 2015,10:30p,Phoenix Suns,87,Golden State Warriors,106,Box Score,,19596,
Sun Feb 1 2015,1:00p,Miami Heat,83,Boston Celtics,75,Box Score,,17366,
Sun Feb 1 2015,2:00p,Los Angeles Lakers,80,New York Knicks,92,Box Score,,19812,
Mon Feb 2 2015,7:00p,Philadelphia 76ers,84,Cleveland Cavaliers,97,Box Score,,20562,
Mon Feb 2 2015,7:00p,Charlotte Hornets,92,Washington Wizards,88,Box Score,,15816,
Mon Feb 2 2015,7:30p,Los Angeles Clippers,100,Brooklyn Nets,102,Box Score,,16037,
Mon Feb 2 2015,7:30p,Milwaukee Bucks,82,Toronto Raptors,75,Box Score,,19800,
Mon Feb 2 2015,8:00p,Atlanta Hawks,100,New Orleans Pelicans,115,Box Score,,15487,
Mon Feb 2 2015,8:00p,Orlando Magic,97,Oklahoma City Thunder,104,Box Score,,18203,
Mon Feb 2 2015,8:30p,Minnesota Timberwolves,94,Dallas Mavericks,100,Box Score,,19989,
Mon Feb 2 2015,9:00p,Memphis Grizzlies,102,Phoenix Suns,101,Box Score,,17199,
Tue Feb 3 2015,7:00p,Denver Nuggets,98,Philadelphia 76ers,105,Box Score,,10290,
Tue Feb 3 2015,7:30p,Miami Heat,91,Detroit Pistons,108,Box Score,,12768,
Tue Feb 3 2015,7:30p,Boston Celtics,108,New York Knicks,97,Box Score,,19812,
Tue Feb 3 2015,10:00p,Utah Jazz,102,Portland Trail Blazers,103,Box Score,,19441,
Tue Feb 3 2015,10:00p,Golden State Warriors,121,Sacramento Kings,96,Box Score,,17317,
Wed Feb 4 2015,7:00p,Detroit Pistons,109,Indiana Pacers,114,Box Score,,15892,
Wed Feb 4 2015,7:30p,Washington Wizards,96,Atlanta Hawks,105,Box Score,,18047,
Wed Feb 4 2015,7:30p,Denver Nuggets,100,Boston Celtics,104,Box Score,,15126,
Wed Feb 4 2015,7:30p,Brooklyn Nets,109,Toronto Raptors,93,Box Score,,19800,
Wed Feb 4 2015,8:00p,Chicago Bulls,90,Houston Rockets,101,Box Score,,18325,
Wed Feb 4 2015,8:00p,Los Angeles Lakers,105,Milwaukee Bucks,113,Box Score,OT,12544,
Wed Feb 4 2015,8:00p,Miami Heat,101,Minnesota Timberwolves,102,Box Score,,11517,
Wed Feb 4 2015,8:00p,Oklahoma City Thunder,102,New Orleans Pelicans,91,Box Score,,17156,
Wed Feb 4 2015,8:30p,Orlando Magic,103,San Antonio Spurs,110,Box Score,,18581,
Wed Feb 4 2015,9:00p,Memphis Grizzlies,100,Utah Jazz,90,Box Score,,19911,
Wed Feb 4 2015,10:30p,Dallas Mavericks,114,Golden State Warriors,128,Box Score,,19596,
Thu Feb 5 2015,7:00p,Washington Wizards,87,Charlotte Hornets,94,Box Score,,17019,
Thu Feb 5 2015,8:00p,Los Angeles Clippers,94,Cleveland Cavaliers,105,Box Score,,20562,
Thu Feb 5 2015,10:00p,Dallas Mavericks,101,Sacramento Kings,78,Box Score,,16993,
Thu Feb 5 2015,10:30p,Phoenix Suns,87,Portland Trail Blazers,108,Box Score,,19488,
Fri Feb 6 2015,7:00p,New York Knicks,88,Brooklyn Nets,92,Box Score,,17732,
Fri Feb 6 2015,7:00p,Cleveland Cavaliers,99,Indiana Pacers,103,Box Score,,18165,
Fri Feb 6 2015,7:00p,Los Angeles Lakers,97,Orlando Magic,103,Box Score,OT,16206,
Fri Feb 6 2015,7:00p,Los Angeles Clippers,107,Toronto Raptors,123,Box Score,,19800,
Fri Feb 6 2015,7:30p,Golden State Warriors,116,Atlanta Hawks,124,Box Score,,19225,
Fri Feb 6 2015,7:30p,Philadelphia 76ers,96,Boston Celtics,107,Box Score,,18322,
Fri Feb 6 2015,7:30p,Denver Nuggets,88,Detroit Pistons,98,Box Score,,17035,
Fri Feb 6 2015,8:00p,Milwaukee Bucks,111,Houston Rockets,117,Box Score,,18239,
Fri Feb 6 2015,8:00p,Memphis Grizzlies,89,Minnesota Timberwolves,90,Box Score,,14388,
Fri Feb 6 2015,8:00p,New Orleans Pelicans,116,Oklahoma City Thunder,113,Box Score,,18203,
Fri Feb 6 2015,9:00p,Utah Jazz,93,Phoenix Suns,100,Box Score,,18055,
Fri Feb 6 2015,9:30p,Miami Heat,85,San Antonio Spurs,98,Box Score,,18581,
Sat Feb 7 2015,7:00p,Chicago Bulls,107,New Orleans Pelicans,72,Box Score,,18402,
Sat Feb 7 2015,7:00p,Brooklyn Nets,77,Washington Wizards,114,Box Score,,20356,
Sat Feb 7 2015,7:30p,Golden State Warriors,106,New York Knicks,92,Box Score,,19812,
Sat Feb 7 2015,7:30p,Charlotte Hornets,81,Philadelphia 76ers,89,Box Score,,16739,
Sat Feb 7 2015,8:30p,Portland Trail Blazers,101,Dallas Mavericks,111,Box Score,OT,20398,
Sat Feb 7 2015,8:30p,Boston Celtics,93,Milwaukee Bucks,96,Box Score,,16470,
Sat Feb 7 2015,9:00p,Sacramento Kings,90,Utah Jazz,102,Box Score,,19128,
Sun Feb 8 2015,1:00p,Los Angeles Clippers,108,Oklahoma City Thunder,131,Box Score,,18203,
Sun Feb 8 2015,3:30p,Los Angeles Lakers,105,Cleveland Cavaliers,120,Box Score,,20562,
Sun Feb 8 2015,6:00p,Indiana Pacers,103,Charlotte Hornets,102,Box Score,,16991,
Sun Feb 8 2015,6:00p,Minnesota Timberwolves,112,Detroit Pistons,101,Box Score,,16075,
Sun Feb 8 2015,6:00p,Atlanta Hawks,88,Memphis Grizzlies,94,Box Score,,18119,
Sun Feb 8 2015,6:00p,Chicago Bulls,98,Orlando Magic,97,Box Score,,16944,
Sun Feb 8 2015,7:00p,Portland Trail Blazers,109,Houston Rockets,98,Box Score,,18243,
Sun Feb 8 2015,7:00p,San Antonio Spurs,82,Toronto Raptors,87,Box Score,,19800,
Sun Feb 8 2015,9:00p,Phoenix Suns,83,Sacramento Kings,85,Box Score,,17013,
Mon Feb 9 2015,7:00p,San Antonio Spurs,95,Indiana Pacers,93,Box Score,,16691,
Mon Feb 9 2015,7:00p,Golden State Warriors,89,Philadelphia 76ers,84,Box Score,,16247,
Mon Feb 9 2015,7:00p,Orlando Magic,80,Washington Wizards,96,Box Score,,16031,
Mon Feb 9 2015,7:30p,New York Knicks,95,Miami Heat,109,Box Score,,19851,
Mon Feb 9 2015,8:00p,Brooklyn Nets,97,Milwaukee Bucks,103,Box Score,,12431,
Mon Feb 9 2015,8:00p,Atlanta Hawks,117,Minnesota Timberwolves,105,Box Score,,10987,
Mon Feb 9 2015,8:00p,Utah Jazz,100,New Orleans Pelicans,96,Box Score,,15321,
Mon Feb 9 2015,8:30p,Los Angeles Clippers,115,Dallas Mavericks,98,Box Score,,20082,
Mon Feb 9 2015,9:00p,Oklahoma City Thunder,124,Denver Nuggets,114,Box Score,,16511,
Tue Feb 10 2015,7:00p,Detroit Pistons,106,Charlotte Hornets,78,Box Score,,15876,
Tue Feb 10 2015,8:00p,Sacramento Kings,86,Chicago Bulls,104,Box Score,,21560,
Tue Feb 10 2015,8:00p,Brooklyn Nets,86,Memphis Grizzlies,95,Box Score,,16901,
Tue Feb 10 2015,8:00p,Houston Rockets,127,Phoenix Suns,118,Box Score,,17071,
Tue Feb 10 2015,10:30p,Denver Nuggets,106,Los Angeles Lakers,96,Box Score,,18466,
Wed Feb 11 2015,7:00p,New York Knicks,83,Orlando Magic,89,Box Score,,15473,
Wed Feb 11 2015,7:30p,Atlanta Hawks,88,Boston Celtics,89,Box Score,,16083,
Wed Feb 11 2015,7:30p,San Antonio Spurs,104,Detroit Pistons,87,Box Score,,14617,
Wed Feb 11 2015,7:30p,Washington Wizards,93,Toronto Raptors,95,Box Score,,19800,
Wed Feb 11 2015,8:00p,Miami Heat,93,Cleveland Cavaliers,113,Box Score,,20562,
Wed Feb 11 2015,8:00p,Sacramento Kings,103,Milwaukee Bucks,111,Box Score,,13046,
Wed Feb 11 2015,8:00p,Golden State Warriors,94,Minnesota Timberwolves,91,Box Score,,14303,
Wed Feb 11 2015,8:00p,Indiana Pacers,106,New Orleans Pelicans,93,Box Score,,17074,
Wed Feb 11 2015,8:00p,Memphis Grizzlies,89,Oklahoma City Thunder,105,Box Score,,18203,
Wed Feb 11 2015,8:30p,Utah Jazz,82,Dallas Mavericks,87,Box Score,,19947,
Wed Feb 11 2015,10:00p,Los Angeles Lakers,86,Portland Trail Blazers,102,Box Score,,19585,
Wed Feb 11 2015,10:30p,Houston Rockets,95,Los Angeles Clippers,110,Box Score,,19060,
Thu Feb 12 2015,8:00p,Cleveland Cavaliers,98,Chicago Bulls,113,Box Score,,21920,
Thu Feb 19 2015,8:00p,Dallas Mavericks,89,Oklahoma City Thunder,104,Box Score,,18203,
Thu Feb 19 2015,10:30p,San Antonio Spurs,115,Los Angeles Clippers,119,Box Score,,19358,
Fri Feb 20 2015,7:00p,New Orleans Pelicans,84,Orlando Magic,95,Box Score,,18259,
Fri Feb 20 2015,7:00p,Indiana Pacers,106,Philadelphia 76ers,95,Box Score,,16777,
Fri Feb 20 2015,7:30p,Toronto Raptors,105,Atlanta Hawks,80,Box Score,,18968,
Fri Feb 20 2015,7:30p,Chicago Bulls,91,Detroit Pistons,100,Box Score,,19053,
Fri Feb 20 2015,7:30p,Miami Heat,111,New York Knicks,87,Box Score,,19812,
Fri Feb 20 2015,8:00p,Phoenix Suns,109,Minnesota Timberwolves,111,Box Score,,14077,
Fri Feb 20 2015,8:00p,Cleveland Cavaliers,127,Washington Wizards,89,Box Score,,20356,
Fri Feb 20 2015,8:30p,Houston Rockets,100,Dallas Mavericks,111,Box Score,,20389,
Fri Feb 20 2015,8:30p,Denver Nuggets,81,Milwaukee Bucks,89,Box Score,,16110,
Fri Feb 20 2015,9:00p,Portland Trail Blazers,76,Utah Jazz,92,Box Score,,19911,
Fri Feb 20 2015,10:00p,Boston Celtics,101,Sacramento Kings,109,Box Score,,17317,
Fri Feb 20 2015,10:30p,San Antonio Spurs,99,Golden State Warriors,110,Box Score,,19596,
Fri Feb 20 2015,10:30p,Brooklyn Nets,114,Los Angeles Lakers,105,Box Score,,18997,
Sat Feb 21 2015,7:00p,Oklahoma City Thunder,110,Charlotte Hornets,103,Box Score,,19303,
Sat Feb 21 2015,7:30p,New Orleans Pelicans,105,Miami Heat,91,Box Score,,19982,
Sat Feb 21 2015,8:00p,Phoenix Suns,107,Chicago Bulls,112,Box Score,,22292,
Sat Feb 21 2015,8:00p,Toronto Raptors,76,Houston Rockets,98,Box Score,,18329,
Sat Feb 21 2015,10:00p,Sacramento Kings,99,Los Angeles Clippers,126,Box Score,,19133,
Sun Feb 22 2015,1:00p,Cleveland Cavaliers,101,New York Knicks,83,Box Score,,19812,
Sun Feb 22 2015,3:30p,Washington Wizards,89,Detroit Pistons,106,Box Score,,18371,
Sun Feb 22 2015,3:30p,Atlanta Hawks,97,Milwaukee Bucks,86,Box Score,,14787,
Sun Feb 22 2015,6:00p,Golden State Warriors,98,Indiana Pacers,104,Box Score,,17789,
Sun Feb 22 2015,6:00p,Philadelphia 76ers,98,Orlando Magic,103,Box Score,,16108,
Sun Feb 22 2015,7:00p,Denver Nuggets,94,Oklahoma City Thunder,119,Box Score,,18203,
Sun Feb 22 2015,7:30p,Charlotte Hornets,81,Dallas Mavericks,92,Box Score,,20347,
Sun Feb 22 2015,9:00p,Memphis Grizzlies,98,Portland Trail Blazers,92,Box Score,,19782,
Sun Feb 22 2015,9:30p,Boston Celtics,111,Los Angeles Lakers,118,Box Score,OT,18997,
Mon Feb 23 2015,7:30p,Philadelphia 76ers,108,Miami Heat,119,Box Score,,19802,
Mon Feb 23 2015,8:00p,Milwaukee Bucks,71,Chicago Bulls,87,Box Score,,21434,
Mon Feb 23 2015,8:00p,Minnesota Timberwolves,102,Houston Rockets,113,Box Score,,18240,
Mon Feb 23 2015,8:00p,Toronto Raptors,97,New Orleans Pelicans,100,Box Score,,16514,
Mon Feb 23 2015,9:00p,Brooklyn Nets,110,Denver Nuggets,82,Box Score,,13127,
Mon Feb 23 2015,9:00p,Boston Celtics,115,Phoenix Suns,110,Box Score,,17076,
Mon Feb 23 2015,9:00p,San Antonio Spurs,81,Utah Jazz,90,Box Score,,18782,
Mon Feb 23 2015,10:30p,Memphis Grizzlies,90,Los Angeles Clippers,87,Box Score,,19161,
Tue Feb 24 2015,7:00p,Golden State Warriors,114,Washington Wizards,107,Box Score,,20356,
Tue Feb 24 2015,7:30p,Cleveland Cavaliers,102,Detroit Pistons,93,Box Score,,19087,
Tue Feb 24 2015,8:00p,Indiana Pacers,92,Oklahoma City Thunder,105,Box Score,,18203,
Tue Feb 24 2015,8:30p,Toronto Raptors,92,Dallas Mavericks,99,Box Score,,20151,
Wed Feb 25 2015,7:00p,Miami Heat,93,Orlando Magic,90,Box Score,OT,18309,
Wed Feb 25 2015,7:30p,Dallas Mavericks,87,Atlanta Hawks,104,Box Score,,16126,
Wed Feb 25 2015,7:30p,New York Knicks,94,Boston Celtics,115,Box Score,,16899,
Wed Feb 25 2015,8:00p,Charlotte Hornets,98,Chicago Bulls,86,Box Score,,21509,
Wed Feb 25 2015,8:00p,Los Angeles Clippers,105,Houston Rockets,110,Box Score,,18154,
Wed Feb 25 2015,8:00p,Philadelphia 76ers,88,Milwaukee Bucks,104,Box Score,,12763,
Wed Feb 25 2015,8:00p,Washington Wizards,77,Minnesota Timberwolves,97,Box Score,,19856,
Wed Feb 25 2015,8:00p,Brooklyn Nets,96,New Orleans Pelicans,102,Box Score,,16097,
Wed Feb 25 2015,9:00p,Phoenix Suns,110,Denver Nuggets,96,Box Score,,12813,
Wed Feb 25 2015,9:00p,Los Angeles Lakers,100,Utah Jazz,97,Box Score,,19911,
Wed Feb 25 2015,10:00p,Memphis Grizzlies,90,Sacramento Kings,102,Box Score,,16794,
Wed Feb 25 2015,10:30p,San Antonio Spurs,95,Portland Trail Blazers,111,Box Score,,19650,
Thu Feb 26 2015,8:00p,Golden State Warriors,99,Cleveland Cavaliers,110,Box Score,,20562,
Thu Feb 26 2015,10:30p,Oklahoma City Thunder,113,Phoenix Suns,117,Box Score,OT,17514,
Fri Feb 27 2015,7:00p,Cleveland Cavaliers,86,Indiana Pacers,93,Box Score,,18165,
Fri Feb 27 2015,7:00p,Washington Wizards,81,Philadelphia 76ers,89,Box Score,,18089,
Fri Feb 27 2015,7:30p,Orlando Magic,88,Atlanta Hawks,95,Box Score,,18968,
Fri Feb 27 2015,7:30p,Charlotte Hornets,98,Boston Celtics,106,Box Score,,18624,
Fri Feb 27 2015,7:30p,New York Knicks,121,Detroit Pistons,115,Box Score,2OT,16182,
Fri Feb 27 2015,7:30p,Golden State Warriors,113,Toronto Raptors,89,Box Score,,19800,
Fri Feb 27 2015,8:00p,Minnesota Timberwolves,89,Chicago Bulls,96,Box Score,,21635,
Fri Feb 27 2015,8:00p,Brooklyn Nets,98,Houston Rockets,102,Box Score,,18139,
Fri Feb 27 2015,8:00p,Los Angeles Clippers,97,Memphis Grizzlies,79,Box Score,,18119,
Fri Feb 27 2015,8:00p,Miami Heat,102,New Orleans Pelicans,104,Box Score,,17797,
Fri Feb 27 2015,9:00p,Utah Jazz,104,Denver Nuggets,82,Box Score,,15002,
Fri Feb 27 2015,10:00p,San Antonio Spurs,107,Sacramento Kings,96,Box Score,,17317,
Fri Feb 27 2015,10:30p,Milwaukee Bucks,93,Los Angeles Lakers,101,Box Score,,18997,
Fri Feb 27 2015,10:30p,Oklahoma City Thunder,112,Portland Trail Blazers,115,Box Score,,19962,
Sat Feb 28 2015,7:00p,Detroit Pistons,95,Washington Wizards,99,Box Score,,20356,
Sat Feb 28 2015,7:30p,Atlanta Hawks,93,Miami Heat,91,Box Score,,19733,
Sat Feb 28 2015,7:30p,Toronto Raptors,98,New York Knicks,103,Box Score,,19812,
Sat Feb 28 2015,8:00p,Memphis Grizzlies,101,Minnesota Timberwolves,97,Box Score,,19356,
Sat Feb 28 2015,8:30p,Brooklyn Nets,104,Dallas Mavericks,94,Box Score,,20367,
Sat Feb 28 2015,9:00p,San Antonio Spurs,101,Phoenix Suns,74,Box Score,,18055,
Sat Feb 28 2015,9:00p,Milwaukee Bucks,75,Utah Jazz,82,Box Score,,19515,
